南,顺德碧桂园,无,6,顺德碧桂园中北区（洋房）,108400131777,2室2厅,92,顺德,精装,67.6平米,62.8㎡,1995
东,顺德碧桂园,无,6,顺德碧桂园中北区（洋房）,108400424142,3室2厅,140,顺德,简装,107.85平米,暂无数据,未知
北,顺德碧桂园,无,6,顺德碧桂园中北区（洋房）,108400131782,3室2厅,190,顺德,精装,91平米,暂无数据,2000
南,顺德碧桂园,无,6,顺德碧桂园中北区（洋房）,108400571569,2室1厅,115,顺德,其他,76平米,暂无数据,未知
南,顺德碧桂园,无,4,顺德碧桂园中北区（洋房）,108400636424,2室2厅,98,顺德,简装,67.6平米,62.8㎡,1995
北,顺德碧桂园,无,6,顺德碧桂园中北区（洋房）,108400411527,3室2厅,110,顺德,简装,81.6平米,75.8㎡,1999
南,顺德碧桂园,无,6,顺德碧桂园中北区（洋房）,108200025395,3室2厅,170,顺德,简装,104.37平米,暂无数据,1999
