[
{"name": "闻香识女人", "star": "\n                主演：阿尔·帕西诺,克里斯·奥唐纳,加布里埃尔·安瓦尔\n        ", "time": "上映时间：1992-12-23(美国)"},
{"name": "飞屋环游记", "star": "\n                主演：爱德华·阿斯纳,乔丹·长井,鲍勃·彼德森\n        ", "time": "上映时间：2009-08-04"},
{"name": "怦然心动", "star": "\n                主演：玛德琳·卡罗尔,卡兰·麦克奥利菲,艾丹·奎因\n        ", "time": "上映时间：2010-08-06(美国)"},
{"name": "三傻大闹宝莱坞", "star": "\n                主演：阿米尔·汗,黄渤,卡琳娜·卡普\n        ", "time": "上映时间：2011-12-08"},
{"name": "断背山", "star": "\n                主演：希斯·莱杰,杰克·吉伦哈尔,米歇尔·威廉姆斯\n        ", "time": "上映时间：2006-01-13(美国)"},
{"name": "黑客帝国3：矩阵革命", "star": "\n                主演：基努·里维斯,雨果·维文,凯瑞-安·莫斯\n        ", "time": "上映时间：2003-11-05"},
{"name": "末代皇帝", "star": "\n                主演：尊龙,陈冲,彼得·奥图尔\n        ", "time": "上映时间：1987-10-23"},
{"name": "少年派的奇幻漂流", "star": "\n                主演：苏拉·沙玛,伊尔凡·可汗,塔布\n        ", "time": "上映时间：2012-11-22"},
{"name": "鬼子来了", "star": "\n                主演：姜文,姜宏波,陈强\n        ", "time": "上映时间：2000-05-12(法国戛纳)"},
{"name": "大话西游之月光宝盒", "star": "\n                主演：周星驰,莫文蔚,吴孟达\n        ", "time": "上映时间：2014-10-24"},
{"name": "霸王别姬", "star": "\n                主演：张国荣,张丰毅,巩俐\n        ", "time": "上映时间：1993-01-01"},
{"name": "肖申克的救赎", "star": "\n                主演：蒂姆·罗宾斯,摩根·弗里曼,鲍勃·冈顿\n        ", "time": "上映时间：1994-09-10(加拿大)"},
{"name": "罗马假日", "star": "\n                主演：格利高里·派克,奥黛丽·赫本,埃迪·艾伯特\n        ", "time": "上映时间：1953-09-02(美国)"},
{"name": "这个杀手不太冷", "star": "\n                主演：让·雷诺,加里·奥德曼,娜塔莉·波特曼\n        ", "time": "上映时间：1994-09-14(法国)"},
{"name": "蝙蝠侠：黑暗骑士", "star": "\n                主演：克里斯蒂安·贝尔,希斯·莱杰,阿伦·伊克哈特\n        ", "time": "上映时间：2008-07-18(美国)"},
{"name": "无间道", "star": "\n                主演：刘德华,梁朝伟,黄秋生\n        ", "time": "上映时间：2003-09-05"},
{"name": "楚门的世界", "star": "\n                主演：金·凯瑞,劳拉·琳妮,诺亚·艾默里奇\n        ", "time": "上映时间：1998-06-01(美国)"},
{"name": "加勒比海盗", "star": "\n                主演：约翰尼·德普,凯拉·奈特莉,奥兰多·布鲁姆\n        ", "time": "上映时间：2003-11-21"},
{"name": "射雕英雄传之东成西就", "star": "\n                主演：张国荣,梁朝伟,张学友\n        ", "time": "上映时间：1993-02-05(中国香港)"},
{"name": "教父2", "star": "\n                主演：阿尔·帕西诺,罗伯特·德尼罗,黛安·基顿\n        ", "time": "上映时间：1974-12-12(美国)"},
{"name": "机器人总动员", "star": "\n                主演：本·贝尔特,艾丽莎·奈特,杰夫·格尔林\n        ", "time": "上映时间：2008-06-27(美国)"},
{"name": "指环王1：护戒使者", "star": "\n                主演：伊莱贾·伍德,伊恩·麦克莱恩,丽芙·泰勒\n        ", "time": "上映时间：2002-04-04"},
{"name": "指环王2：双塔奇兵", "star": "\n                主演：伊莱贾·伍德,伊恩·麦克莱恩,丽芙·泰勒\n        ", "time": "上映时间：2003-04-25"},
{"name": "搏击俱乐部", "star": "\n                主演：爱德华·哈里森·诺顿,布拉德·皮特,海伦娜·伯翰·卡特\n        ", "time": "上映时间：1999-10-15(美国)"},
{"name": "风之谷", "star": "\n                主演：岛本须美,永井一郎,坂本千夏\n        ", "time": "上映时间：1992"},
{"name": "十二怒汉", "star": "\n                主演：亨利·方达,李·科布,马丁·鲍尔萨姆\n        ", "time": "上映时间：1957-04-13(美国)"},
{"name": "V字仇杀队", "star": "\n                主演：娜塔莉·波特曼,雨果·维文,斯蒂芬·瑞\n        ", "time": "上映时间：2006-03-17(美国)"},
{"name": "当幸福来敲门", "star": "\n                主演：威尔·史密斯,贾登·史密斯,坦迪·牛顿\n        ", "time": "上映时间：2008-01-17"},
{"name": "速度与激情5", "star": "\n                主演：范·迪塞尔,保罗·沃克,道恩·强森\n        ", "time": "上映时间：2011-05-12"},
{"name": "驯龙高手", "star": "\n                主演：杰伊·巴鲁切尔,杰拉德·巴特勒,亚美莉卡·费雷拉\n        ", "time": "上映时间：2010-05-14"},
{"name": "放牛班的春天", "star": "\n                主演：热拉尔·朱尼奥,让-巴蒂斯特·莫尼耶,玛丽·布奈尔\n        ", "time": "上映时间：2004-10-16"},
{"name": "活着", "star": "\n                主演：葛优,巩俐,牛犇\n        ", "time": "上映时间：1994-05-18(法国)"},
{"name": "天堂电影院", "star": "\n                主演：菲利浦·诺瓦雷,赛尔乔·卡斯特利托,蒂兹亚娜·罗达托\n        ", "time": "上映时间：1988-11-17(意大利)"},
{"name": "拯救大兵瑞恩", "star": "\n                主演：汤姆·汉克斯,马特·达蒙,汤姆·塞兹摩尔\n        ", "time": "上映时间：1998-11-13"},
{"name": "盗梦空间", "star": "\n                主演：莱昂纳多·迪卡普里奥,渡边谦,约瑟夫·高登-莱维特\n        ", "time": "上映时间：2010-09-01"},
{"name": "哈尔的移动城堡", "star": "\n                主演：倍赏千惠子,木村拓哉,美轮明宏\n        ", "time": "上映时间：2004-11-20(日本)"},
{"name": "忠犬八公的故事", "star": "\n                主演：Forest,理查·基尔,琼·艾伦\n        ", "time": "上映时间：2010-03-12(英国)"},
{"name": "疯狂原始人", "star": "\n                主演：尼古拉斯·凯奇,艾玛·斯通,瑞安·雷诺兹\n        ", "time": "上映时间：2013-04-20"},
{"name": "东邪西毒", "star": "\n                主演：张国荣,梁朝伟,刘嘉玲\n        ", "time": "上映时间：1994-09-17"},
{"name": "喜剧之王", "star": "\n                主演：周星驰,莫文蔚,张柏芝\n        ", "time": "上映时间：1999-02-13(中国香港)"},
{"name": "音乐之声", "star": "\n                主演：朱莉·安德鲁斯,克里斯托弗·普卢默,埃琳诺·帕克\n        ", "time": "上映时间：1965-03-02(美国)"},
{"name": "大闹天宫", "star": "\n                主演：邱岳峰,毕克,富润生\n        ", "time": "上映时间：1965-12-31"},
{"name": "春光乍泄", "star": "\n                主演：张国荣,梁朝伟,张震\n        ", "time": "上映时间：1997-05-30(中国香港)"},
{"name": "剪刀手爱德华", "star": "\n                主演：约翰尼·德普,薇诺娜·瑞德,黛安·韦斯特\n        ", "time": "上映时间：1990-12-06(美国)"},
{"name": "美丽人生", "star": "\n                主演：罗伯托·贝尼尼,尼可莱塔·布拉斯基,乔治·坎塔里尼\n        ", "time": "上映时间：1997-12-20(意大利)"},
{"name": "海上钢琴师", "star": "\n                主演：蒂姆·罗斯,普路特·泰勒·文斯,比尔·努恩\n        ", "time": "上映时间：1998-10-28(意大利)"},
{"name": "黑客帝国", "star": "\n                主演：基努·里维斯,凯瑞-安·莫斯,劳伦斯·菲什伯恩\n        ", "time": "上映时间：2000-01-14"},
{"name": "哈利·波特与魔法石", "star": "\n                主演：丹尼尔·雷德克里夫,鲁伯特·格林特,艾玛·沃特森\n        ", "time": "上映时间：2002-01-26"},
{"name": "初恋这件小事", "star": "\n                主演：马里奥·毛瑞尔,平采娜·乐维瑟派布恩,阿查拉那·阿瑞亚卫考\n        ", "time": "上映时间：2012-06-05"},
{"name": "触不可及", "star": "\n                主演：弗朗索瓦·克鲁塞,奥玛·希,安娜·勒尼\n        ", "time": "上映时间：2011-11-02(法国)"},
{"name": "新龙门客栈", "star": "\n                主演：张曼玉,梁家辉,甄子丹\n        ", "time": "上映时间：2012-02-24"},
{"name": "熔炉", "star": "\n                主演：孔刘,郑有美,金智英\n        ", "time": "上映时间：2011-09-22(韩国)"},
{"name": "大话西游之大圣娶亲", "star": "\n                主演：周星驰,朱茵,莫文蔚\n        ", "time": "上映时间：2014-10-24"},
{"name": "泰坦尼克号", "star": "\n                主演：莱昂纳多·迪卡普里奥,凯特·温丝莱特,比利·赞恩\n        ", "time": "上映时间：1998-04-03"},
{"name": "唐伯虎点秋香", "star": "\n                主演：周星驰,巩俐,郑佩佩\n        ", "time": "上映时间：1993-07-01(中国香港)"},
{"name": "魂断蓝桥", "star": "\n                主演：费雯·丽,罗伯特·泰勒,露塞尔·沃特森\n        ", "time": "上映时间：1940-05-17(美国)"},
{"name": "乱世佳人", "star": "\n                主演：费雯·丽,克拉克·盖博,奥利维娅·德哈维兰\n        ", "time": "上映时间：1939-12-15(美国)"},
{"name": "天空之城", "star": "\n                主演：寺田农,鹫尾真知子,龟山助清\n        ", "time": "上映时间：1992-05-01"},
{"name": "辛德勒的名单", "star": "\n                主演：连姆·尼森,拉尔夫·费因斯,本·金斯利\n        ", "time": "上映时间：1993-12-15(美国)"},
{"name": "狮子王", "star": "\n                主演：马修·布罗德里克,尼基塔·卡兰姆,詹姆斯·厄尔·琼斯\n        ", "time": "上映时间：1995-07-15"},
{"name": "勇敢的心", "star": "\n                主演：梅尔·吉布森,苏菲·玛索,帕特里克·麦高汉\n        ", "time": "上映时间：1995-05-24(美国)"},
{"name": "神偷奶爸", "star": "\n                主演：史蒂夫·卡瑞尔,杰森·席格尔,拉塞尔·布兰德\n        ", "time": "上映时间：2010-07-09(美国)"},
{"name": "幽灵公主", "star": "\n                主演：松田洋治,石田百合子,田中裕子\n        ", "time": "上映时间：1998-05-01"},
{"name": "阿凡达", "star": "\n                主演：萨姆·沃辛顿,佐伊·索尔达娜,米歇尔·罗德里格兹\n        ", "time": "上映时间：2010-01-04"},
{"name": "指环王3：王者无敌", "star": "\n                主演：伊莱贾·伍德,伊恩·麦克莱恩,丽芙·泰勒\n        ", "time": "上映时间：2004-03-15"},
{"name": "小鞋子", "star": "\n                主演：默罕默德·阿米尔·纳吉,Kamal Mirkarimi,Behzad Rafi\n        ", "time": "上映时间：1999-01-22(美国)"},
{"name": "萤火之森", "star": "\n                主演：内山昂辉,佐仓绫音,后藤弘树\n        ", "time": "上映时间：2011-09-17(日本)"},
{"name": "教父", "star": "\n                主演：马龙·白兰度,阿尔·帕西诺,詹姆斯·肯恩\n        ", "time": "上映时间：2015-04-18"},
{"name": "素媛", "star": "\n                主演：李来,薛耿求,严志媛\n        ", "time": "上映时间：2013-10-02(韩国)"},
{"name": "穿条纹睡衣的男孩", "star": "\n                主演：阿沙·巴特菲尔德,维拉·法梅加,大卫·休里斯\n        ", "time": "上映时间：2008-09-12(英国)"},
{"name": "一一", "star": "\n                主演：吴念真,金燕玲,李凯莉\n        ", "time": "上映时间：2000-09-20(法国)"},
{"name": "英雄本色", "star": "\n                主演：狄龙,张国荣,周润发\n        ", "time": "上映时间：2017-11-17"},
{"name": "阿飞正传", "star": "\n                主演：张国荣,张曼玉,刘德华\n        ", "time": "上映时间：2018-06-25"},
{"name": "爱·回家", "star": "\n                主演：俞承豪,金艺芬,童孝熙\n        ", "time": "上映时间：2002-04-05(韩国)"},
{"name": "海洋", "star": "\n                主演：雅克·贝汉,姜文,兰斯洛特·佩林\n        ", "time": "上映时间：2011-08-12"},
{"name": "我爱你", "star": "\n                主演：宋在浩,李顺才,尹秀晶\n        ", "time": "上映时间：2011-02-17(韩国)"},
{"name": "黄金三镖客", "star": "\n                主演：克林特·伊斯特伍德,李·范·克里夫,埃里·瓦拉赫\n        ", "time": "上映时间：1966-12-23(意大利)"},
{"name": "时空恋旅人", "star": "\n                主演：瑞秋·麦克亚当斯,多姆纳尔·格里森,比尔·奈伊\n        ", "time": "上映时间：2013-09-04(英国)"},
{"name": "窃听风暴", "star": "\n                主演：乌尔里希·穆埃,塞巴斯蒂安·科赫,马蒂娜·格德克\n        ", "time": "上映时间：2006-03-23(德国)"},
{"name": "7号房的礼物", "star": "\n                主演：柳承龙,郑镇荣,朴信惠\n        ", "time": "上映时间：2013-01-23(韩国)"},
{"name": "恐怖直播", "star": "\n                主演：河正宇,李璟荣,李大为\n        ", "time": "上映时间：2013-07-31(韩国)"},
{"name": "海豚湾", "star": "\n                主演：里克·奥巴瑞,路易·西霍尤斯,哈迪·琼斯\n        ", "time": "上映时间：2009-07-31(美国)"},
{"name": "忠犬八公物语", "star": "\n                主演：仲代达矢,春川真澄,井川比佐志\n        ", "time": "上映时间：1987-08-01(日本)"},
{"name": "上帝之城", "star": "\n                主演：亚历桑德雷·罗德里格斯,艾莉丝·布拉加,莱安德鲁·菲尔米诺\n        ", "time": "上映时间：2002-08-30(巴西)"},
{"name": "美国往事", "star": "\n                主演：罗伯特·德尼罗,詹姆斯·伍兹,伊丽莎白·麦戈文\n        ", "time": "上映时间：2015-04-23"},
{"name": "致命魔术", "star": "\n                主演：休·杰克曼,克里斯蒂安·贝尔,迈克尔·凯恩\n        ", "time": "上映时间：2006-10-20(美国)"},
{"name": "蝙蝠侠：黑暗骑士崛起", "star": "\n                主演：克里斯蒂安·贝尔,迈克尔·凯恩,加里·奥德曼\n        ", "time": "上映时间：2012-08-27"},
{"name": "美丽心灵", "star": "\n                主演：罗素·克洛,詹妮弗·康纳利,艾德·哈里斯\n        ", "time": "上映时间：2001-12-21(美国)"},
{"name": "哈利·波特与死亡圣器（下）", "star": "\n                主演：丹尼尔·雷德克里夫,鲁伯特·格林特,艾玛·沃特森\n        ", "time": "上映时间：2011-08-04"},
{"name": "无敌破坏王", "star": "\n                主演：约翰·C·赖利,萨拉·西尔弗曼,简·林奇\n        ", "time": "上映时间：2012-11-06"},
{"name": "倩女幽魂", "star": "\n                主演：张国荣,王祖贤,午马\n        ", "time": "上映时间：2011-04-30"},
{"name": "夜访吸血鬼", "star": "\n                主演：汤姆·克鲁斯,布拉德·皮特,克尔斯滕·邓斯特\n        ", "time": "上映时间：1994-11-11(美国)"},
{"name": "钢琴家", "star": "\n                主演：艾德里安·布洛迪,艾米莉娅·福克斯,米哈乌·热布罗夫斯基\n        ", "time": "上映时间：2002-09-25(法国)"},
{"name": "本杰明·巴顿奇事", "star": "\n                主演：布拉德·皮特,凯特·布兰切特,塔拉吉·P·汉森\n        ", "time": "上映时间：2008-12-25(美国)"},
{"name": "迁徙的鸟", "star": "\n                主演：雅克·贝汉,Philippe Labro\n        ", "time": "上映时间：2001-12-12(法国)"},
{"name": "龙猫", "star": "\n                主演：秦岚,糸井重里,岛本须美\n        ", "time": "上映时间：2018-12-14"},
{"name": "千与千寻", "star": "\n                主演：柊瑠美,周冬雨,入野自由\n        ", "time": "上映时间：2019-06-21"},
{"name": "完美的世界", "star": "\n                主演：凯文·科斯特纳,克林特·伊斯特伍德,T·J·劳瑟\n        ", "time": "上映时间：1993-11-24(美国)"},
{"name": "七武士", "star": "\n                主演：三船敏郎,志村乔,千秋实\n        ", "time": "上映时间：1954-04-26(日本)"},
{"name": "甜蜜蜜", "star": "\n                主演：黎明,张曼玉,曾志伟\n        ", "time": "上映时间：2015-02-13"}
]