buy_amount,buy_price,sell_amount,sell_price
6.30185525,7784.8,0.86219998,7784.9
1.54145551,7784.7,0.3,7785
0.2,7784.3,0.09915967,7787.1
0.3,7784.2,0.23650066,7787.2
1.7683622,7783.4,0.8656,7788.2
2,7783.3,0.2,7788.4
0.1404,7782,0.2,7788.7
0.1,7781.9,0.006447,7790.3
0.85,7781.8,3.29960907,7790.4
0.5260683,7781.1,5.57682682,7790.5
0.3,7780.6,1.27,7790.9
0.002,7780.5,0.72954995,7791
0.71880211,7780.4,1.5,7791.1
0.000856,7780.1,0.19395516,7791.3
0.7441,7780,0.002,7791.4
3,7779.8,1.85049015,7791.7
0.72,7779.1,0.43713339,7791.8
3,7779,0.57279446,7792
0.2667,7778.9,0.2,7792.1
0.0912,7778.7,0.002,7792.2
2.9798,7778.4,0.28727357,7793.2
0.247318,7778.3,0.47303873,7793.3
0.94330576,7777.8,1.54144789,7793.9
0.02569893,7777.5,1,7794
4,7776.9,0.13333334,7794.9
2.266,7776.7,0.57323113,7795.1
0.37132798,7776.4,2.0307,7795.9
0.7526,7776.3,0.49572754,7796.5
1.10954029,7776.1,1.99283555,7796.8
0.13333333,7775.9,7.40442467,7796.9
0.06418819,7774.9,5.12252673,7797.2
0.224,7774.7,24.43323939,7797.3
3.12425,7774.6,0.44964029,7798
0.08,7774.4,1.5441,7798.3
1,7774,0.002,7798.4
0.38594,7773.1,0.34,7798.8
2.02070966,7772.9,0.03,7800
0.02741116,7772.5,0.9,7800.4
0.002,7772.4,0.02741098,7800.8
0.23650214,7772.3,1.5,7801.4
1,7772,0.99148512,7802
0.00133905,7771.6,1.52751834,7802.7
0.38601,7771.5,1.5,7803
0.00543233,7771.4,0.1991,7804
0.00139193,7771.2,1.5,7804.1
0.06422199,7771.1,0.2949,7804.6
0.00144481,7770.7,0.2,7805.2
6.6954341,7770.4,0.45065698,7806
4.50149768,7770.3,0.06422118,7806.3
0.5,7770.1,0.24575,7806.4
0.38604,7770,0.01289864,7806.5
0.00155056,7769.8,5.77314327,7806.8
4.7949,7769.7,1.28062144,7806.9
0.00160343,7769.4,0.12254696,7807
3.95689367,7769.3,0.41594672,7808
0.00165631,7768.9,2.84690793,7808.2
0.32,7768.7,3.85277871,7808.3
0.58786918,7768.5,0.8733,7808.5
4.50376206,7768,1.43,7809
0.80181494,7767.6,0.0006,7810
0.06422199,7767.2,0.2,7810.1
0.00186781,7767.1,1.24422118,7810.2
0.38624,7767,0.02861748,7810.7
4.2783132,7766.9,2.425,7810.8
0.00192069,7766.7,0.0006,7812
0.00197356,7766.2,1.26137438,7812.9
1.1968,7766,0.01829913,7814
0.00202644,7765.8,4.54055076,7814.1
0.38631,7765.5,2.434,7814.2
0.5,7765.4,0.72775,7814.7
2.92287931,7765.3,3.132,7814.8
4.90238523,7765,0.0006,7815
0.00213219,7764.9,3.0208,7815.6
0.05481899,7764.6,1.53787005,7816.2
0.00218506,7764.4,1.28062144,7816.6
3.8480579,7764.1,1,7817.5
0.56691328,7764,3.91699989,7818
0.9916743,7763.9,0.00537315,7818.2
0.00229082,7763.5,0.2072994,7818.8
0.06422199,7763.3,0.01059,7820
1.53787005,7763.2,1.26137438,7822.6
0.00234369,7763.1,3.13159872,7822.8
0.00239657,7762.6,4.046,7822.9
2.82046,7762.4,1,7823.4
0.00244944,7762.2,1,7823.5
0.00250232,7761.7,0.08443182,7825
0.00255519,7761.3,0.0004,7825.1
0.9733,7761,1.53787005,7825.9
0.3865,7760.9,1.28062144,7826.4
0.00260807,7760.8,0.0004,7826.7
0.06127806,7760.5,3.85277871,7827.7
0.00266095,7760.4,0.025,7828
0.5,7760.3,0.25,7828.5
0.2029,7760,0.008375,7829
1.00271382,7759.9,0.49,7830
1.26209472,7759.6,0.0004,7830.9
0.0027667,7759.5,0.25084131,7831.7
0.06422199,7759.4,0.5254,7832
0.00281957,7759,1.26137438,7832.3
0.00287245,7758.6,0.371597,7833.2
0.00292532,7758.1,5.226,7833.3
2.75927897,7757.7,29.4024,7833.7
0.00644,7757.6,0.0004,7833.8
0.00303108,7757.2,0.7006,7835
1.28078639,7757.1,2.4294,7835.9
0.00308395,7756.8,1.28062144,7836.1
0.00313683,7756.3,29.2131,7836.9
0.0031897,7755.9,0.0004,7837
0.01339054,7755.7,3.85277871,7837.5
0.06422199,7755.5,0.41594672,7837.7
0.00324258,7755.4,0.025,7838
0.04335115,7755.3,0.0004,7838.2
0.00329545,7755,1.1,7839
0.12698878,7754.9,0.005,7839.3
3.85303245,7754.4,0.0004,7839.6
1.01391929,7753.9,1.25,7840
1.53787005,7753.5,0.0004,7840.8
3.132,7753.2,3.138,7841.7
0.0062,7752.5,0.02861748,7841.9
7.38729216,7752.3,1.26137438,7842.1
0.01444805,7752.1,24.34425,7842.4
2.01304,7751,24.502,7843.3
0.01497681,7750.4,0.50153574,7845
1.26209472,7749.9,6.7508,7845.3
1.803,7749,1.28062144,7845.8
0.41594672,7748.7,0.01829913,7846.4
0.01550557,7748.6,4.2,7847.1
0.02861748,7748.2,3.85277871,7847.2
0.079,7748,4.32716971,7847.6
0.12254696,7747.9,0.48459993,7848
1.28078639,7747.4,0.01305674,7848.6
0.01603432,7746.8,0.01,7848.8
4.046,7745.3,0.125,7849.1
0.01656308,7745,4.1609,7850
3.85303245,7744.7,1.214,7850.8
1.53787005,7743.7,0.0004,7851
4.01709184,7743.3,1.26137438,7851.8
1,7742.1,0.0004,7852.4
0.004018,7742,0.1838227,7852.5
0.01762059,7741.5,0.00301372,7854
0.1,7741,0.0008,7854.3
1.26209472,7740.1,0.00125,7855
0.03522727,7740,0.015,7855.6
0.01814935,7739.7,1.567,7857.2
0.0471625,7739.2,0.025,7858
1.00308549,7738.8,24.60013842,7859
0.12686091,7738.2,0.1,7859.3
0.00162212,7738.1,1.11,7860
0.01867811,7737.9,0.3425,7860.7
1.28078639,7737.7,5.238,7861
1,7737.1,0.01,7861.4
29.4024,7737,0.525,7862
0.00704545,7736.9,0.00147934,7862.1
0.01920686,7736.2,0.025,7864.4
0.25,7735.2,0.0159604,7864.7
5.226,7735.1,0.1506,7865
0.5,7735,0.0004,7865.9
3.85303245,7734.9,2.6,7866.6
0.00757421,7734.6,0.00431685,7867.2
0.01973562,7734.4,0.41642756,7867.3
0.0006,7733.5,5.8,7867.4
3,7733,0.025,7868
0.02026438,7732.6,0.33193847,7869
0.00810297,7732.3,2.025,7869.2
0.00089258,7731.2,11.271,7870.3
2.5,7731.1,0.00128772,7870.5
2.513,7730.9,1.327,7870.6
0.12119314,7730.8,0.15,7870.7
1.26209472,7730.4,0.01,7870.9
0.005,7730.3,0.4,7872
0.00863173,7730.1,0.02861748,7873.2
1.6524,7730,29.1825,7874.3
0.02132189,7729.1,0.0036,7874.8
25.452,7729,5.151,7875
0.5,7728.9,0.0008,7875.6
0.00090319,7728.6,6.766,7876.6
2.28078639,7728,0.05,7878
0.00916048,7727.8,2.94130672,7878.1
0.02185065,7727.3,3.5,7878.3
0.001,7726.8,0.01829913,7878.8
0.0013138,7726.1,1.572,7879
0.03854744,7725.5,0.002997,7880
3.14768924,7725.4,0.0008,7881
3.85303245,7725.2,0.3,7881.5
0.03430891,7725,2.616,7881.8
0.02290816,7723.7,0.225,7882
0.00092441,7723.5,0.011,7883
0.010218,7723.1,9,7883.3
6.77,7723,0.45614671,7883.7
4.2,7722.5,0.00161,7885
0.02,7722.3,0.015,7886.1
0.23107137,7722.2,0.03780481,7886.2
0.03843692,7722,0.03780481,7886.3
0.0004,7721.7,0.0008,7886.4
0.001,7721.5,14.558,7886.9
3.34040402,7721,0.03780481,7887
0.01074675,7720.8,0.03780481,7887.1
0.02396568,7720.2,24.31875,7887.3
3,7720.1,0.00704804,7887.5
1.26,7720,0.875,7888
0.41594672,7719.1,0.005,7889
24.33875,7719,1.09,7890
0.0025,7718.9,0.027644,7891.2
1,7718.7,0.49737292,7892.4
0.01127551,7718.5,0.24868646,7892.5
0.02544007,7718.4,0.24948646,7892.6
0.02861748,7716.9,0.025,7893
0.02502319,7716.6,2.5,7894.1
0.01280427,7716.3,0.00127781,7894.8
29.2131,7716.2,8.765,7895
0.01,7716,2.03,7895.5
0.34345988,7715.9,10.3131,7896
0.0004,7715.7,0.118,7896.5
1.214,7715.6,0.41594672,7897
0.005,7715.5,0.01,7897.4
0.05,7715.2,0.00108989,7898.5
4.001,7715,0.009575,7899
0.02555195,7714.9,0.0008,7899.7
0.01233302,7714,12.40368554,7900
0.00096686,7713.3,0.00299541,7902
0.05197589,7713.1,3.378,7903.2
3.524,7713,0.1,7907
24.34425,7712.1,0.015,7907.4
4.30646577,7712,0.075,7908
0.02786178,7711.7,29.9973,7908.2
0.02,7711.6,0.0008,7908.6
0.02660946,7711.3,0.004745,7909.8
1.247089,7711,0.60918563,7910
0.00097747,7710.8,0.01829913,7911.3
0.8556,7710,0.000758,7912.5
0.02713822,7709.5,5,7913.4
0.01339054,7709.4,0.05,7913.7
10.286,7709.3,0.15287719,7914
0.0004,7709.1,11.289,7914.8
0.03787106,7708.6,2.622,7914.9
0.00189156,7708.4,0.59094705,7916.6
0.00098808,7708.2,0.015,7916.7
1.15,7708,0.00143428,7916.9
0.02766698,7707.8,0.02865305,7917.9
0.01391929,7707,0.025,7918
0.04780573,7706,0.025,7918.6
0.00099869,7705.6,0.07214103,7918.8
0.0025,7705.3,0.1,7919
0.6416,7705,0.001,7919.9
0.03144805,7704.8,0.352877,7920
0.02872449,7704.2,0.54245622,7921.1
0.00048084,7703.8,0.01,7921.8
3.00100931,7703.1,0.025,7922
2.66,7703,2.1,7923
0.01497681,7702.5,0.3,7923.4
0.02925325,7702.4,4.364,7923.8
5.8,7702.2,0.05,7924
2.55,7702,0.153,7925
0.001,7701.9,0.0008,7925.6
0.025,7701.7,0.1,7926.1
0.3,7701.4,0.41594672,7926.6
0.02748145,7701.1,20,7927
0.1,7701,10.45995367,7927.5
0.029782,7700.7,1.01,7927.9
0.00101992,7700.5,0.125,7928
0.01550557,7700.2,1.5,7928.2
11.210789,7700,0.02,7928.9
0.11,7699,3.533,7929
0.03031076,7698.9,0.0008,7929.2
5.23962259,7698.8,1.15,7930
0.15,7698.7,2.97,7930.1
2,7698.3,0.005,7931
0.63103053,7698,1.235743,7931.2
0.01603432,7697.9,0.525,7932
12,7697.7,1.996,7933
0.0134,7697.2,0.2478,7933.1
0.03083952,7697.1,0.0008,7933.6
29.1825,7696.8,5,7933.9
0.1015975,7696,0.0006,7934.5
0.0004,7695.7,0.2206,7935
0.01656308,7695.6,0.477,7935.8
0.01104114,7695.4,14.583,7935.9
0.03136827,7695.3,0.1002,7936
0.101463,7695,0.0025,7936.4
0.07,7694.1,0.0004,7936.7
0.03189703,7693.6,2.265098,7937
3.1272815,7693.5,0.03027658,7937.5
0.01709184,7693.3,0.5,7937.8
0.001,7693.1,0.02,7937.9
0.115,7693,3.38883481,7938.4
0.00105175,7692.9,0.02,7938.6
1.2266315,7692,0.11764706,7938.8
0.03242579,7691.8,0.1,7939
0.0025,7691.6,0.3,7939.2
3.5,7691.3,0.0004,7939.7
1.1,7691.2,0.52023333,7940
0.01762059,7691.1,0.0025,7940.1
0.11399984,7691,0.002,7940.2
11.271,7690.7,0.1,7940.5
0.00106236,7690.3,0.0004,7941.6
5.23295455,7690,0.0025,7941.7
0.41594672,7689.4,0.0004,7942.6
0.02906772,7689.1,0.008,7942.9
0.049,7689,0.01869913,7943.7
0.01814935,7688.7,1.002,7944
0.02651772,7688.3,24.99775,7944.9
0.00136577,7688,0.05328,7945
0.00107297,7687.8,0.0175,7945.3
0.01,7687.5,0.0097535,7945.9
1.217,7687.3,0.04,7946
0.01867811,7686.4,0.0504,7946.5
0.02868174,7686.2,1.01573343,7947
0.01,7686,5.637,7947.1
0.01,7685.8,0.015,7947.2
0.02861748,7685.7,0.0637948,7947.4
0.00108359,7685.2,0.0004,7947.6
1.4059,7685,0.03116512,7947.7
0.00192411,7684.3,0.01398833,7947.8
0.01920686,7684.1,0.01,7947.9
0.8,7684,0.1,7948
0.0004,7683.5,0.015,7948.2
0.5,7683.3,0.00056535,7948.5
0.2,7683.1,0.01333333,7948.6
7.777,7683,0.06,7948.8
0.0010942,7682.7,0.0425,7949
0.0008,7682.6,0.01333333,7949.4
1,7682.1,11.71808193,7950
4.04,7682,0.01333333,7950.2
0.01973562,7681.8,0.04,7950.7
0.21419027,7681.7,0.04201769,7951
0.0041,7681.6,0.001,7951.5
1.6,7681,0.08746363,7951.8
0.0218962,7680.8,0.01377315,7952.2
1.00110481,7680.1,0.5,7952.5
38.17737511,7680,0.01373333,7952.6
1.572,7679.7,0.00131201,7952.9
0.02026438,7679.6,0.01414895,7953.3
0.17,7679,0.0004,7954
0.1,7678.1,0.01333333,7954.1
2.6195,7677.9,0.01333333,7954.9
0.00111542,7677.6,0.3649,7955
0.02079314,7677.3,0.0004,7955.2
0.07116883,7677.1,0.01333333,7955.7
23.639186,7677,0.41594672,7956.3
0.05,7676.7,0.01373333,7956.5
0.01,7676.5,1.002,7957
0.015,7675.9,0.008,7957.1
0.0978,7675.8,0.01333333,7957.3
0.03908554,7675.4,0.08007492,7957.4
0.03908654,7675.3,0.0004,7957.7
1.02244792,7675,0.03205366,7957.8
0.00933081,7674.8,0.34,7958
14.558,7674.2,0.01333333,7958.1
2,7673.1,0.0319208,7958.6
0.02185065,7672.7,0.0004,7958.8
0.00113664,7672.5,0.01333333,7958.9
0.35527723,7672.2,10.45,7959
0.03,7672,0.01333333,7959.7
1,7671,0.16075,7960
0.21406769,7670.3,0.0004,7960.3
0.47342824,7670.2,0.01333333,7960.5
0.1,7670,0.14,7961
0.00114726,7669.9,0.01333333,7961.3
0.01005051,7669.5,0.3,7961.6
0.02290816,7668.1,0.0004,7961.7
0.1,7667.5,0.031,7962
0.00115787,7667.4,0.01333333,7962.1
8.74,7666.6,0.002,7962.3
0.25,7666,0.01373333,7962.9
0.02343692,7665.8,0.1,7963
0.03224026,7665.2,0.01333333,7963.7
1,7665,24.44075,7964.1
0.00116848,7664.8,0.01493099,7964.4
0.0107702,7664.3,0.018,7964.6
0.0025,7664.2,0.00138106,7964.9
12,7664.1,3.45374458,7965
0.02396568,7663.5,0.0004,7965.1
2.03,7663.2,0.01333333,7965.2
0.7,7662.5,0.1,7965.4
0.00117909,7662.3,0.0004,7965.5
2.1363,7662,0.01333333,7966
0.02449443,7661.2,0.01,7966.2
0.378752,7661,0.01333333,7966.8
0.00162212,7660.7,0.01333333,7967.6
3.38,7660.6,25,7967.7
0.00195666,7660.1,5.4323422,7968
1.961492,7660,0.02899367,7968.4
0.09,7659.9,0.3,7968.8
0.41594672,7659.8,0.133975,7969
0.0011897,7659.7,0.499199,7969.1
0.0114899,7659.1,0.01333333,7969.2
0.02502319,7658.9,3.36333333,7970
0.001,7658.8,0.0154,7970.6
0.25055,7658.6,0.008,7971.4
29.9973,7657.9,0.0004,7971.7
0.00120031,7657.2,1.6,7971.9
0.01,7657,1.025,7972
24.44075,7656.9,7.281,7972.3
0.02555195,7656.6,0.00711,7973
0.1,7655.5,0.0004,7973.2
0.2,7655,1.7,7973.3
0.00121092,7654.6,25,7973.7
0.05469819,7654.4,0.002,7973.8
0.42564074,7654.2,0.157,7975
0.0122096,7653.9,0.0004,7975.8
0.03382653,7653.2,0.00137916,7975.9
0.05,7653,0.01829913,7976.1
0.027831,7652.1,0.0004,7976.8
0.06,7652,0.01,7977
2.503013,7651,0.015,7977.8
0.0025,7650.5,0.00135,7978
2.993752,7650,0.03383074,7978.1
0.02713822,7649.7,2.5,7978.2
0.00123215,7649.5,0.0004,7978.3
0.42,7648.9,0.0004,7978.8
0.01292929,7648.6,0.12492,7979
0.4,7647.8,0.2,7979.3
0.04,7647.6,1.76813333,7980
0.02766698,7647.4,0.0004,7980.9
11.289,7647.2,0.0004,7981.6
0.12624276,7647,8.3,7982
0.01,7646.5,0.01103081,7982.4
0.005,7646,0.05752,7983
1,7645.9,0.0004,7983.5
0.04315863,7645.7,0.00097528,7984
0.02819573,7645.1,0.001,7984.9
0.0339,7645,0.02,7985
0.00125337,7644.4,0.008,7985.7
2.632,7644.2,0.0004,7986.1
0.05714905,7643.6,0.0004,7986.3
0.01364899,7643.4,0.015,7986.4
0.0139,7643.3,0.10106,7987
0.02872449,7642.9,0.037,7988
2.5827419,7642,0.03511928,7988.3
0.00126398,7641.9,0.0004,7988.6
0.0354128,7641.2,0.114714,7989
0.15,7641,0.03493443,7989.1
0.02925325,7640.6,0.025,7989.3
0.0814,7640,0.01752589,7989.5
4.365,7639.8,1.4864468,7990
0.00127459,7639.3,0.2004,7990.1
1.6,7639.2,0.002,7990.6
0.10727724,7639.1,0.25,7990.7
1.001,7639,0.03318,7991
0.029782,7638.3,0.0004,7991.2
0.01436869,7638.2,0.0004,7991.8
0.00244,7638,0.004,7992
0.02,7637,0.0004,7993.3
0.00378521,7636.8,0.01,7993.7
0.03229997,7636,0.0004,7993.8
0.034,7635.2,0.025,7994
0.04550398,7635,0.00042066,7994.1
0.03363231,7634.3,5.652,7994.5
0.00129582,7634.2,0.1,7994.6
12,7634,0.65,7995
0.03083952,7633.7,0.0004,7995.1
0.01508838,7633,0.1019,7996.2
0.00130643,7631.7,0.0004,7996.4
0.03136827,7631.3,0.0004,7996.5
0.49965847,7631,0.02865306,7996.7
0.5,7630.3,0.01,7997
0.41594672,7630.1,29.3289,7997.2
1.09939,7630,25,7997.3
0.07021314,7629.1,0.005,7997.8
0.005,7628,0.38559859,7998
0.01580808,7627.7,0.03560782,7998.4
0.03242579,7626.8,0.0004,7998.9
0.00132765,7626.6,5.1516,7999
1.8,7626.1,0.0004,7999.1
1,7625.9,41.24470031,8000
14.583,7625.8,24.67525,8000.7
0.2246,7625,0.025454,8001
2.22495455,7624.5,0.00041507,8001.5
0.1,7624.2,0.1,8001.6
0.00133826,7624,0.0004,8001.8
0.01561748,7623.2,0.0004,8003
0.1345,7623,0.125,8003.1
0.01652778,7622.5,0.0025,8003.7
0.020242,7622,0.00043673,8004.1
0.00134887,7621.5,0.025,8005
0.134,7621,0.199,8005.1
3.387,7620.2,0.48,8005.4
5.18,7620,0.02,8006
5.637,7619.5,0.0004,8006.4
0.02,7619,0.00045839,8006.7
29.33025949,7618.9,0.0196,8007
0.001,7618.5,0.002,8007.4
0.075,7618,0.0032,8008
0.002,7617.9,0.0154,8008.3
0.02,7617.7,0.01829913,8008.5
0.00162656,7617.5,0.03649636,8008.6
0.01724747,7617.3,0.00048006,8009.2
0.03858534,7617.1,0.0737303,8009.3
0.0013701,7616.4,0.04,8010
0.0025,7616.3,0.199,8010.1
0.1,7616,0.01939143,8010.5
0.00777454,7615.8,0.0004,8010.9
0.002,7615.6,0.00050172,8011.8
0.05,7615.3,0.1008,8012
0.1,7615,0.001,8012.5
0.04580241,7614.3,0.382,8013
0.00138071,7613.8,0.006,8014
1.86796717,7612,0.008,8014.3
0.00202176,7611.8,0.00052339,8014.4
0.00139132,7611.3,0.00113495,8014.7
0.00144855,7611.1,0.01,8015
0.1,7611,1,8015.1
0.5,7610.7,0.204,8015.2
0.02868174,7610.4,0.0005,8015.7
4.17296,7610,0.2,8016
0.0025,7609.5,1,8016.7
0.01,7608.8,0.03554505,8017
0.00140193,7608.7,0.025,8017.9
0.07929,7608,0.0004,8018.3
0.05,7607.9,0.014994,8018.7
0.01,7607.3,0.0373849,8018.8
0.01868687,7606.8,0.11230812,8019
0.03129272,7606.7,0.0025,8019.4
0.20141254,7606.2,0.00056671,8019.5
0.04017161,7605.2,4.512136,8020
0.003,7605,0.199,8020.2
0.0030109,7604,0.05,8021
0.00142316,7603.6,0.24,8021.2
0.000789,7602.2,0.01,8021.3
0.0008,7602,0.0125,8021.4
0.001,7601.9,3.32314123,8022
0.01940657,7601.6,0.00058838,8022.1
6,7601.5,6.14031,8023
0.10143377,7601,0.002,8024.2
0.038861,7600.7,0.00044501,8024.3
0.41594672,7600.5,0.00061004,8024.7
4.1675076,7600,0.407,8025
0.00144438,7598.5,0.199,8025.3
0.001,7598.1,0.0004,8025.7
0.1,7597.5,0.5,8026
0.02012626,7596.4,7.3,8026.3
0.005,7596,0.00063171,8027.3
0.00145499,7595.9,0.94015,8028
0.0025,7595.8,0.008,8028.6
4.375,7594.3,0.03827344,8028.9
7.281,7594.1,0.00065337,8029.8
0.0014656,7593.4,0.045,8030
0.04175788,7593.2,0.199,8030.3
0.02861748,7591.9,0.015,8030.7
0.02084596,7591.1,0.02125698,8031.6
0.15,7591,0.08899483,8032
0.00147621,7590.8,0.00067503,8032.4
0.09,7590,0.10518906,8032.7
0.00148682,7588.3,0.0006967,8035
0.015,7588,0.078054,8035.2
0.00205431,7587.7,29.8093,8035.4
0.0016,7586,0.04,8035.5
0.02156566,7585.9,0.3,8036
0.00149744,7585.7,0.00071836,8037.6
0.00150805,7583.2,0.17,8038
0.0484462,7582.9,0.03,8038.2
0.0025,7582.1,0.2979,8038.7
0.04334416,7581.2,0.015,8038.9
0.1,7581,0.104375,8039
0.02228535,7580.7,0.03916197,8039.1
0.00151866,7580.6,0.04,8039.7
0.015,7580.4,2.03399,8040
0.0026,7580,0.00074003,8040.2
0.00452927,7578.1,0.199,8040.4
0.185852,7578,0.02029913,8041
0.03357812,7577.8,0.002,8042
0.3,7576.3,0.00076169,8042.7
0.69,7576,0.008,8042.9
0.02454493,7575.5,1.205864,8043.3
0.00056081,7575,5,8043.8
0.0036,7574.6,0.2,8045
0.001,7573.5,0.00207796,8045.3
0.05155049,7573,0.199,8045.5
0.015,7572.2,0.015,8045.9
0.1,7571,0.5,8046
0.41594672,7570.8,0.0283735,8046.1
0.00156111,7570.4,0.05,8046.5
0.02372475,7570.2,0.0186,8047
0.05591,7570,0.002,8047.2
0.04493043,7569.2,0.00080502,8047.9
1,7569,0.2,8048.4
0.0025,7568.4,0.02,8048.8
0.01,7568,0.05899742,8049
0.00157172,7567.9,0.04005051,8049.2
0.02266,7567,0.0095,8049.5
0.00158233,7565.3,0.64593272,8049.8
5.67644444,7565,10.167878,8050
0.02,7564.5,0.19982668,8050.5
0.00208685,7563.5,0.51,8052.3
0.000747,7563,0.02312252,8052.6
0.00159294,7562.8,0.10084835,8053
3,7561.1,14.99,8053.7
1.7,7561,0.025,8054
0.02861748,7560.7,0.001,8054.2
0.00160355,7560.2,0.025,8055
0.3,7560,0.01358543,8055.5
0.07461178,7559.9,0.19987001,8055.6
0.02516414,7559.8,0.043,8057
0.05609828,7559,0.008,8057.1
0.01,7558.1,0.0004,8057.7
0.00161416,7557.7,0.002,8057.8
0.0465167,7557.3,0.00089167,8058.2
0.02,7557,0.1,8059
1,7556.5,0.03947033,8059.3
0.025754,7556.2,0.04093905,8059.4
0.00162477,7555.1,0.007,8059.8
0.05,7555,0.015,8060
0.0025,7554.7,0.199,8060.6
0.04138384,7554.5,0.00091334,8060.8
0.00163539,7552.6,0.0058,8063
0.05108998,7551.4,0.000935,8063.3
0.1709,7551,0.1,8065
0.3,7550.5,0.015,8065.4
1.568748,7550,0.199,8065.7
0.02660354,7549.3,0.00095667,8065.9
0.04,7549,1.006,8066
0.00165661,7547.5,0.0989011,8066.1
0.005,7546,0.010744,8067.6
0.04810297,7545.3,0.00097833,8068.5
0.010319,7545,0.0004,8068.8
0.00166722,7544.9,3.95,8069
0.02732323,7544.1,0.015,8069.4
0.002,7544,0.04182759,8069.5
0.00167783,7542.4,0.199,8070.7
0.41594672,7541.2,0.001,8071.1
29.6128,7541.1,0.008,8071.4
0.12,7541,0.0368,8071.9
0.01,7540.9,0.02527168,8072.3
0.125,7540.1,0.1,8072.5
0.2497,7540,0.18,8073.2
0.00168844,7539.8,0.03829913,8073.4
1.0021194,7539.4,0.00102166,8073.6
0.02804293,7538.9,0.02498807,8073.7
0.00169905,7537.3,0.01,8074
1.3835647,7537,0.060488,8074.5
7.297,7535.9,0.021812,8074.6
0.02868172,7535.4,0.159,8075
0.00153635,7535,0.199,8075.8
0.00170967,7534.7,5,8075.9
0.15,7534.5,0.00145428,8076
0.504,7534.3,0.02969638,8076.2
0.02876263,7533.6,0.01,8076.4
0.04968924,7533.3,0.04135,8078
24.67525,7533.2,0.015,8078.1
0.00172028,7532.2,0.00106499,8078.8
0.1,7531,0.106,8079
2.2135739,7530,0.2,8079.5
0.00173089,7529.6,0.04271613,8079.7
0.02861748,7529.4,0.1073,8080
0.02948232,7528.4,0.2,8080.4
0.0025,7527.4,1.199,8080.8
0.07980092,7527.2,0.1,8080.9
0.0017415,7527.1,0.00108665,8081.4
0.05,7527,0.0004,8082.2
0.003136,7525,0.5,8082.5
0.00175211,7524.5,0.03,8083
0.2089,7523.4,0.00110832,8083.9
0.03120202,7523.2,0.004997,8085
0.00176272,7522,0.008,8085.7
0.30689251,7521.3,0.1995,8085.9
0.15,7521,1,8086
0.144211,7520.1,0.13408304,8086.5
0.06974277,7520,0.32414,8087
0.00177334,7519.4,0.1192638,8088
0.03492172,7518,0.00042066,8088.2
0.00178395,7516.9,0.025,8088.3
0.00215195,7515.3,0.47,8089
1.15,7515,0.00115164,8089.1
0.00179456,7514.3,0.02,8089.4
1,7514,0.04360467,8089.8
0.0025,7513.7,1.09185814,8090
0.16695,7513.4,0.199,8090.9
1,7513,0.002,8091.4
1,7512.9,0.00117331,8091.7
0.03164141,7512.7,0.02,8092
0.09080762,7512.5,0.01486275,8092.1
0.00131,7512.1,1.46112,8093
1,7512,0.025,8093.3
0.00180517,7511.8,5,8093.6
0.41594672,7511.5,0.00119497,8094.2
0.05,7511.1,0.02685362,8094.7
1.13,7511,0.004,8095
1.5,7510.1,0.051998,8095.2
35.7195,7510,0.5,8095.7
0.06859505,7509.8,0.5208,8096
0.05286178,7509.3,0.0235,8096.5
0.00181578,7509.2,0.00121664,8096.8
1,7509,0.025,8097
1,7508,0.01,8097.8
0.03236111,7507.5,0.10101,8098
0.005,7507.3,0.42,8098.4
1.05,7507,2,8098.8
0.00182639,7506.7,2.22197891,8099
1,7506,0.0012383,8099.4
0.025,7505.1,0.06,8099.9
2.395608,7505,21.22668655,8100
0.5,7504.9,0.13380737,8100.1
0.001837,7504.1,0.00055682,8100.4
1.213,7504,2.199,8101
0.05,7503.6,0.001,8101.3
1,7503,0.00125996,8102
0.03308081,7502.3,4.2,8103
0.15,7502.2,0.01,8103.9
1.01,7502,0.0004,8104.2
0.001,7501.9,0.00128163,8104.5
0.00184762,7501.5,0.362737,8105
0.1,7501.1,0.01829913,8105.8
1.413013,7501,1.0024,8106
6.252421,7500,0.199,8106.1
1.25185823,7499,0.051068,8106.3
0.02861748,7498.2,0.00161394,8106.7
1,7498,0.3,8107
0.05444805,7497.4,0.00170329,8107.1
1.04380051,7497,0.02696759,8107.6
0.01,7496.5,0.001,8107.8
0.00186884,7496.4,1.00295455,8108
1.005,7496,0.002,8108.2
6.7971921,7495,0.038925,8109
1.04,7494,0.00132496,8109.7
0.00187945,7493.9,0.57445,8110
1,7493,0.01,8110.9
1.01,7492,0.199,8111.1
0.0345202,7491.8,0.2,8112
0.00189006,7491.3,0.00041969,8112.3
0.0021845,7491.1,0.008,8114.3
1.15,7491,0.00136828,8114.8
0.2,7490.4,0.002,8115.7
4.0456,7490,0.02871916,8115.8
1,7489,0.016,8116
0.00190067,7488.8,0.199,8116.2
0.05637755,7488.6,0.0054,8116.3
0.05,7488.5,0.143418,8117.2
0.368,7488.1,0.017831,8117.3
2.643509,7488,0.00138995,8117.4
1,7487,0.006,8118
0.4615076,7486.7,0.1,8119
0.0352399,7486.6,0.25241161,8120
0.0006174,7486.4,0.199,8121.2
0.00191129,7486.2,29.1988,8121.9
1,7486,0.015,8122.7
0.05603432,7485.4,0.031,8123
1.25,7485,0.2,8123.1
0.000429,7484.8,0.02431818,8123.7
1,7484,0.5,8124
0.0019219,7483.7,0.1262,8125
1,7483,1.5,8125.2
0.2868,7482.4,0.0004,8125.3
1,7482,1.15,8126
0.41594672,7481.9,0.199,8126.3
0.0469596,7481.4,0.0254,8127
0.00193251,7481.1,0.1,8127.3
1.104,7481,0.00135,8128
9.025,7480,0.02414006,8128.6
0.008,7479.1,5,8129
2,7479,0.04400624,8129.4
0.00194312,7478.6,1.6825,8130
2,7478,0.199,8131.3
2,7477,0.01,8131.4
0.03667929,7476.1,0.002,8132.3
2.00496373,7476,0.25,8132.9
2.1,7475,0.098058,8133
0.005,7474.6,1.01,8134
2.1271,7474,0.16871364,8134.1
0.00196434,7473.5,0.033,8134.8
0.15762059,7473.3,0.045,8135
2,7473,0.5,8135.4
2,7472,5.05,8136
2.1,7471,0.3,8136.3
0.03937394,7470.9,0.199,8136.4
0.01,7470.1,0.03058471,8136.8
2.95,7470,0.214,8137
0.01,7469.2,0.0017736,8137.3
2,7469,0.001,8138.1
0.00198557,7468.4,0.01829913,8138.2
2.05,7468,0.00777454,8138.6
2.00221705,7467,0.12,8139
2.25773256,7466,0.01568182,8139.3
0.00199618,7465.8,1.1025,8140
0.03811869,7465.7,0.03,8140.2
7,7465,0.0004,8141.2
0.0502,7464.3,0.1,8141.3
2,7464,0.199,8141.4
0.004,7463.7,0.002,8141.7
6,7463.4,0.0004,8142.8
0.00200679,7463.3,0.008,8142.9
2,7463,0.125,8143
0.015,7462.3,1.04,8144
0.00175,7462.1,0.02192,8145
2,7462,0.0004,8145.1
0.05920686,7461.3,0.029587,8145.9
0.02868172,7461.2,1.1,8146
2.104,7461,0.199,8146.5
0.315,7460.9,0.0125,8146.9
0.0020174,7460.7,0.199,8148
0.03883838,7460.5,0.0004,8148.2
2.824021,7460,1.00496064,8149
2,7459,0.02,8149.8
0.004,7458.4,5.484708,8150
0.00202801,7458.2,0.0004,8150.5
2,7458,0.199,8151.5
0.02681846,7457.5,0.0004,8152.3
0.05902134,7457.1,0.01961,8153
2,7457,0.05,8153.1
0.05,7456.4,0.005,8153.5
2,7456,0.0004,8153.9
0.004,7455.7,0.0030431,8154.7
0.00203862,7455.6,3.61584545,8155
0.03955808,7455.2,0.0004,8155.1
2.54790141,7455,2,8155.8
6,7454.8,0.0004,8156.3
0.025,7454.7,0.22765306,8156.6
2,7454,0.01,8157
0.00604924,7453.1,0.008,8157.1
2.87969607,7453,0.05,8157.4
0.41594672,7452.2,0.0004,8157.5
0.045,7452.1,0.0024517,8157.6
3.65160813,7452,0.03245025,8157.9
2.1,7451,0.1,8158
0.00205985,7450.5,0.002,8158.5
0.004,7450.4,0.0004,8158.6
13.33337777,7450,0.15,8159
0.06079314,7449.4,0.306,8160
2,7449,0.0004,8160.3
2.00207046,7448,0.0004,8161.3
0.004,7447.8,1,8161.4
0.02,7447.5,0.199,8161.6
2.023466,7447,0.1254,8163
0.076,7446.1,0.04263,8165
2.005,7446,0.0004,8165.1
0.00208107,7445.4,0.01741737,8165.2
0.004,7445.1,0.002,8165.7
7,7445,1.006,8166
0.125,7444.6,0.002,8166.1
2.05871497,7444,0.199,8166.7
2.005,7443,0.0396,8167
0.00709168,7442.9,1.33,8167.6
0.0022496,7442.8,0.00693327,8168
0.15,7442.7,0.20361991,8168.1
0.004,7442.4,0.0004,8168.2
2,7442,0.81726511,8168.8
2.159867,7441,0.13389,8169
0.00210229,7440.3,1.5004,8170
5.34492,7440,0.01829913,8170.7
0.014,7439.8,0.0084,8171.4
2,7439,0.02,8171.6
2,7438,0.199,8171.7
0.0021129,7437.8,0.02,8172
0.06237941,7437.4,0.0004,8172.5
0.004,7437.1,0.015,8172.8
2,7437,0.0004,8174.1
2.01,7436,0.564,8175
0.002,7435.7,0.002,8175.3
0.005,7435.6,0.0004,8175.5
0.00212352,7435.2,0.0004,8176.5
2.009213,7435,0.012285,8176.6
0.02,7434.7,0.199,8176.8
0.004,7434.5,0.03824,8176.9
2,7434,0.00967,8177
5.05,7433,0.05,8177.1
0.00213413,7432.7,0.0004,8177.5
2.50318483,7432,0.00135,8178
0.004,7431.8,0.0343158,8178.9
2.1,7431,0.109975,8179
0.05,7430.3,5,8179.2
0.00214474,7430.1,0.0004,8179.6
2.01,7430,0.0004,8179.7
0.25,7429.5,0.206998,8180
0.004,7429.2,0.199,8181.8
2.45,7429,0.002,8182.3
0.001,7428.8,0.00042066,8182.4
2,7428,0.05,8183
0.00215535,7427.6,0.00054288,8183.4
0.051582,7427.3,0.0021,8183.5
2.1,7427,24.3315,8183.8
0.10266906,7426.7,0.02,8185
0.004,7426.5,0.016,8185.2
0.15,7426.4,0.008,8185.7
2.1,7426,1,8186
0.06166512,7425.7,0.0108,8186.5
0.06396568,7425.4,0.199,8186.9
2.00323996,7425,0.5054,8187
29.1978,7424.4,0.05,8188
2,7424,0.0004,8188.5
0.004,7423.9,0.3,8188.7
24.3315,7423.2,0.04180667,8189
6.254,7423,0.021,8190
0.41594672,7422.6,0.02,8191.2
0.02717657,7422.5,0.2,8191.9
0.015,7422.3,0.005,8192
3.94938213,7422,0.002,8192.1
0.004,7421.2,0.1,8192.3
3.1,7421,2.54135,8195
12.06,7420,0.02,8195.1
0.00218719,7419.9,0.025,8196.1
0.097,7419.8,0.349,8197
2.02,7419,0.0004,8197.6
0.00228215,7418.7,0.20701,8198
0.004,7418.6,0.001,8198.1
1.08869072,7418.3,0.00209293,8198.7
0.025,7418.1,0.37004258,8199
2.01485058,7418,0.0025,8199.3
0.0021978,7417.4,0.04854214,8199.6
0.016,7417.1,0.01,8199.8
2,7417,14.08431111,8200
1,7416.5,0.5,8200.7
2.11,7416,0.01869468,8201.7
0.004,7415.9,0.199,8202
16.60527838,7415,0.23852618,8202.2
0.00220841,7414.8,0.03,8202.6
2,7414,0.05142,8204
0.06555195,7413.4,0.0005,8204.5
0.004,7413.3,0.01,8204.6
0.184,7413,0.025,8205
0.05,7412.9,0.025,8205.1
0.004,7412.7,1,8206
0.002,7412.6,0.1,8206.4
0.00221902,7412.3,0.199,8207.1
0.014729,7412.1,2,8207.7
0.1,7412,0.0025,8207.9
0.45,7411.9,0.002,8208.9
0.00270311,7411.7,0.14838,8209
0.005,7411.5,0.00348935,8209.9
0.254,7411,2.3,8210
0.004,7410.6,0.025,8210.3
1.161789,7410,0.0004,8210.6
0.00222963,7409.7,0.20505,8211
0.1,7409,0.02,8212
0.01,7408.3,0.199,8212.1
0.004,7408,0.011,8214.1
0.00277185,7407.8,0.008,8214.3
0.00224024,7407.2,0.152,8215
0.35,7407,0.025,8215.4
0.013379,7406,0.002,8215.7
0.004,7405.3,0.00426471,8215.8
0.00225085,7404.6,0.008751,8216.5
0.05,7404,0.199,8217.2
0.00284058,7403.9,0.015,8218
0.02,7403,0.0004,8218.1
0.004,7402.7,0.1,8219
0.0004,7402.5,0.02,8219.1
0.00226147,7402.1,0.005,8220
0.001,7401.9,0.025,8220.5
0.06713822,7401.5,0.205,8221
0.025,7401.3,0.122,8222
0.2,7401.1,0.199,8222.2
0.351,7401,0.00602941,8223.7
0.67159091,7400.8,3.026,8225
0.000676,7400.2,0.025,8225.6
60.35019472,7400,0.002,8225.7
0.013379,7399.9,1.65,8226
0.00227208,7399.5,0.199,8227.3
0.25,7397,0.31135,8228
0.00228269,7396.9,0.01,8228.4
0.005,7396.5,0.008,8228.6
0.0005,7396.4,0.0022526,8229.3
0.00297806,7396.1,0.005,8230
0.01,7396,5,8230.1
0.0023147,7394.5,0.025,8230.8
0.0022933,7394.4,0.02,8231
0.06430891,7394.3,0.00779412,8231.6
0.02,7394,0.045,8232
0.013379,7393.8,0.201,8232.3
0.2,7393.2,0.0024,8232.8
0.25,7393,0.0136,8233
0.47139199,7392.9,24.3125,8233.5
0.0030468,7392.2,0.248,8233.8
0.00230391,7391.8,0.025,8235.9
0.44318182,7391.7,0.025,8236
0.1,7391,0.27343245,8236.2
0.48234,7390,0.004,8237.3
0.06872449,7389.5,0.199,8237.4
0.00231452,7389.3,0.02865306,8237.8
0.0005,7388.5,0.0004,8237.9
0.00311554,7388.3,0.5,8238
0.7895,7388,0.01997199,8238.3
0.013379,7387.7,5.15,8239
0.02868174,7387.6,0.00955882,8239.5
0.00232514,7386.7,0.0004,8239.8
0.00326647,7386,0.0628,8240
0.04861781,7385.7,0.25,8240.3
0.1,7385.2,0.5,8240.8
0.5,7385,0.025,8241
0.00318428,7384.4,0.0004,8241.2
0.00233575,7384.2,0.01,8241.6
0.1,7383,0.255,8242
0.05,7382.9,0.199,8242.4
0.46477273,7382.5,0.28871,8242.5
0.00234636,7381.6,0.008,8242.9
0.013379,7381.5,1.8429,8245
0.10501,7381,0.0004,8245.1
0.00325301,7380.5,0.23626539,8246
1.181,7380,0.025,8246.2
0.00235697,7379.1,0.0004,8247.1
0.05179035,7378.6,0.01132353,8247.4
0.07031076,7377.5,0.199,8247.5
2.4,7377,0.43389975,8249
0.00332175,7376.6,2.6190899,8250
0.00236758,7376.5,0.0004,8250.8
0.005,7375.5,0.025,8251.3
0.013379,7375.4,0.02,8252
0.05,7375,0.215,8252.2
0.0006174,7374.4,1,8252.3
0.00237819,7374,0.199,8252.5
0.48636364,7373.3,0.0004,8253.6
1.29913086,7372.8,0.02,8253.7
0.00339049,7372.7,0.083,8254
0.005,7372,0.01,8254.9
0.05735169,7371.4,0.027,8255
0.1,7371,0.01308824,8255.3
0.025,7370.6,0.025,8256.4
0.00234725,7370.4,0.0005453,8257
0.001,7370,0.008,8257.1
0.013379,7369.3,0.199,8257.6
0.00239942,7368.9,0.0004,8258.7
0.01845923,7368.8,0.2,8259
0.035,7367.5,0.02,8259.1
0.02741003,7366.3,0.002,8259.3
0.07189703,7365.5,0.22946959,8260
0.35,7365,0.0004,8260.1
0.00352797,7364.9,0.00048227,8260.9
0.05813544,7364.3,0.025,8261.5
0.50795455,7364.2,0.005,8262.4
0.00242064,7363.8,0.2301,8262.6
0.41594672,7363.3,0.0004,8262.9
0.013379,7363.2,0.01485294,8263.2
0.06695269,7362.9,0.0220816,8263.4
0.00135,7362.1,2,8263.5
0.5,7362,0.005,8263.7
0.032,7361.9,0.98,8265
0.00243125,7361.2,0.002,8265.7
0.3,7361.1,0.025,8266.7
0.10767171,7361,0.0004,8267
0.6464705,7360,0.199,8267.7
0.10275,7359,0.0074,8268
0.00244186,7358.7,0.0004,8268.6
0.06497343,7357.1,0.01,8269.2
1.604459,7357,0.05307805,8269.7
0.304987,7356.2,1.16379,8270
0.00245247,7356.1,0.30833872,8270.2
0.19902095,7356,0.0004,8270.6
11.02854545,7355,0.01661765,8271.1
0.1067,7354.1,0.008,8271.4
0.007,7354,0.0254,8271.8
0.00246309,7353.6,0.199,8272.7
0.0734833,7353.5,2.09468,8273
0.00373418,7353.2,0.0004,8273.4
2.3103,7352,0.001,8274
0.1005,7351.9,0.0212493,8274.8
1.4180537,7351,0.118,8275
0.173379,7350.9,0.0004,8275.1
0.002,7350.3,0.24,8276
31.45538052,7350,0.0024,8276.1
0.10380292,7349.3,0.01642066,8276.5
0.128323,7349.1,0.025,8276.9
0.00248431,7348.5,3.02,8277
0.74612,7348,2,8277.2
0.13675,7347,0.199,8277.8
0.0023798,7346.2,0.00135,8278
0.01,7346,0.01838235,8278.9
0.00249492,7345.9,0.1,8279
0.55113636,7345.8,0.034996,8280
0.00777454,7345.6,0.0004,8280.5
0.00387166,7345.4,0.05,8280.6
0.02,7345,0.0004,8281.8
0.013379,7344.8,0.0004,8282
0.00250553,7343.4,0.025,8282.1
0.06765306,7342.9,0.002,8282.3
1.49985,7342,0.199,8282.8
0.07506957,7341.6,0.02,8283.4
0.0039404,7341.5,0.01,8283.5
1.34569649,7341,0.0125,8283.7
0.00251614,7340.8,0.12,8284.3
0.00581,7340,0.0004,8284.4
0.013379,7338.7,0.008,8285.7
0.00252675,7338.3,0.0004,8286.3
0.00400914,7337.6,0.02014706,8286.8
0.35903,7337,0.025,8287.2
0.57272727,7336.7,0.199,8287.9
3.005,7336,0.0004,8288
0.07336297,7335.7,0.0004,8289.6
4.01,7334,0.1,8290.2
0.00407788,7333.7,0.1,8290.9
0.41594672,7333.6,0.02,8291.2
0.34408098,7333.2,0.0004,8291.4
0.54312962,7333,0.005,8292
0.24982711,7332.6,0.025,8292.3
0.25,7332.5,0.201,8292.9
0.1,7332,0.0004,8293.8
0.06959647,7331.4,1.7,8294.4
0.15,7331,0.02191176,8294.7
0.00255859,7330.6,0.0004,8295.2
0.0008,7330,0.0104,8296.7
0.00414661,7329.8,0.25,8297
0.07665584,7329.6,0.025,8297.4
0.07399814,7328.6,4.380998,8297.9
0.0025692,7328.1,0.24001,8298
0.59431818,7327.5,0.025,8298.9
0.013379,7326.4,0.3924,8299
0.25,7326,29.175,8299.4
0.00421535,7325.9,18.74181677,8300
0.00257981,7325.5,0.005,8301
0.00259042,7323,0.01,8302
0.00241235,7322.1,0.04867647,8302.6
0.00928409,7322,0.207339,8303
0.08717069,7321.4,0.00520389,8303.7
0.1,7321,0.34324499,8304.2
0.00260104,7320.4,0.01,8304.6
0.013379,7320.3,50.35120515,8305
2,7320.1,25,8305.9
0.182385,7320,0.025,8307.7
0.02,7319,0.199,8308.1
0.61590909,7318.3,0.002,8309.7
0.00261165,7317.9,0.01,8309.9
0.1,7317.8,0.03,8310
0.07824212,7317.5,0.02544118,8310.5
0.00262226,7315.3,0.02252661,8311.4
0.02868174,7314.9,1.83260432,8312
0.4,7314.8,0.025,8312.8
0.08034323,7314.3,0.198,8313
0.013379,7314.2,0.199,8313.1
0.0987,7313,5,8314
0.00263287,7312.8,0.0004,8314.6
0.00135,7312.1,0.001,8315
0.02266,7312,0.002,8315.7
0.27735501,7311.3,5,8316
0.1,7311,0.025,8317.9
0.00264348,7310.2,0.04867521,8318
0.048,7310,0.199,8318.2
0.6375,7309.2,0.02720588,8318.4
0.09706,7309,0.00048571,8318.8
0.013379,7308.1,0.031045,8319
29.17765409,7307.7,0.02865306,8319.7
0.08351577,7307.1,0.86,8320
0.07982839,7305.5,0.79184,8323
0.0026647,7305.1,0.025,8323.1
0.0621,7305,0.199,8323.2
0.41594672,7304,0.0004,8323.3
0.001006,7303.9,0.16082754,8323.9
0.064,7303.3,0.1,8324
0.06,7303,0.01,8324.3
0.00267532,7302.6,0.034,8325
0.01,7302,0.0004,8325.6
0.014379,7301.9,0.03662,8326
0.1,7301.1,0.02897059,8326.3
0.101,7301,0.012,8326.5
0.2,7300.5,0.753335,8326.9
39.31730341,7300,0.005,8327
0.15,7299,0.50219034,8328
0.00244489,7297.9,0.025,8328.2
0.1,7297.4,0.199,8328.3
0.1,7297,0.1,8329
0.01330676,7296,0.27797987,8329.8
0.013379,7295.8,0.31095,8330
0.2,7295.2,0.001,8331
0.33637523,7295,29.7105,8331.1
1.32395,7294,0.00676576,8331.9
0.08141466,7293.6,0.59283,8332
0.08986085,7292.9,0.002,8332.3
0.2,7292,0.00518591,8332.5
0.000823,7291.9,0.0006,8332.6
0.01786337,7291.8,0.224,8333.3
0.1,7291,0.25,8333.4
1.23837,7290,0.00045096,8334
0.013379,7289.7,0.03073529,8334.2
0.0004,7288.9,1,8335
1.752,7288.2,0.39513219,8335.6
0.002,7288.1,0.002,8336
0.0004,7287.6,0.125,8336.9
0.04,7287,0.1,8337
0.0004,7286.4,0.0004,8337.3
0.0930334,7285.7,0.55,8338
0.0004,7285.1,0.37815126,8338.3
0.02,7285,0.199,8338.4
0.025,7284.7,0.025,8338.5
0.0004,7283.9,0.0105,8338.6
0.013379,7283.6,35,8339.1
0.00047251,7282.6,0.02,8339.2
0.08300093,7281.6,1.05761395,8339.9
0.00056911,7281.3,0.74250297,8340
0.1,7281,0.46652,8341
6,7280.6,0.51228452,8341.5
0.1,7280.2,0.025,8342
0.0026657,7280.1,0.0325,8342.1
3.31966282,7280,0.017,8343
0.00076229,7278.8,0.002,8343.2
0.09620594,7278.6,0.199,8343.4
0.00085889,7277.6,0.025,8343.6
0.013379,7277.4,0.02,8344.3
0.50095548,7276.3,0.025,8344.9
0.02,7276,2.05,8345
0.10105207,7275,0.3836,8346
0.41594672,7274.3,0.0004,8346.7
0.0036261,7273.8,0.62943685,8347.4
0.00124526,7272.5,0.0004,8347.8
0.005,7272,0.02380392,8347.9
0.09937848,7271.4,0.5,8348
0.01472085,7271.3,0.199,8348.5
0.891349,7271,0.025,8348.7
0.04845844,7270,0.002,8349
0.0845872,7269.6,21.35246471,8350
0.00153504,7268.7,0.00288902,8351
0.07488404,7268.6,0.0004,8351.1
5.617,7268,0.005,8351.2
0.5,7267.6,0.00093773,8351.4
0.00163163,7267.5,0.249,8351.6
0.6,7267.2,0.01,8351.8
0.00172822,7266.2,0.14389361,8352
0.00501,7266,0.05,8352.2
0.013379,7265.2,0.02,8353
0.00182481,7265,0.74658918,8353.3
0.10255102,7264.3,0.199,8353.5
0.38346,7264,0.025,8353.8
0.025,7263.8,0.56409,8355
0.00192141,7263.7,0.5,8355.9
6,7263,0.1,8356
0.002018,7262.4,6,8356.6
0.02,7262.3,0.1,8357.6
0.00135,7262.1,1,8358
5,7262,0.199,8358.6
0.00211459,7261.2,0.025,8359
3.2148,7261,0.86374151,8359.2
0.37782,7260,0.02,8359.6
0.00221119,7259.9,0.001,8359.9
0.2,7259.3,1.214993,8360
0.013379,7259.1,0.0004,8361.7
0.00230778,7258.7,0.001,8362.4
0.08617347,7257.6,0.199,8363.6
0.00247078,7257.4,0.02563025,8364
0.10572356,7257.1,0.025,8364.1
0.005,7256.5,0.00424,8364.8
0.00270019,7256.1,0.01,8365
0.185,7255,0.98089384,8365.1
0.0029296,7254.9,0.016,8365.2
0.003159,7253.6,0.01,8365.5
0.013379,7253,0.002,8365.7
0.00338841,7252.4,0.032,8367.4
0.00361782,7251.1,0.60490999,8368
4.16332729,7251,0.3,8368.6
0.12,7250.8,0.199,8368.7
0.01,7250.7,0.2,8369
0.108,7250.3,0.05,8369.2
25.8244261,7250,0.325,8370
0.00384723,7249.8,0.05,8370.5
0.00250999,7249.6,0.00042066,8370.6
0.00407664,7248.6,1.09804616,8370.9
0.00430604,7247.3,0.33,8371.2
0.013379,7246.8,0.41305753,8372.3
0.00453545,7246.1,25,8372.9
0.005,7246,0.0004,8373.3
0.08775974,7245.6,0.199,8373.7
0.00476486,7244.8,0.005,8373.8
0.41594672,7244.7,0.026,8374.4
0.01,7244.2,0.13,8375
0.05,7244,0.0004,8375.5
0.00499427,7243.5,0.5,8375.9
0.11206865,7242.9,1.20722689,8376
0.02868173,7242.8,1.21719849,8376.8
0.00522368,7242.3,3,8377
0.01,7241.1,0.50135,8378
0.10545309,7241,0.199,8378.8
0.013379,7240.7,0.0005,8379
0.2,7240.3,0.02,8379.4
0.10845,7240,0.025,8379.5
0.00568249,7239.8,0.6991975,8380
0.0059119,7238.5,0.38001,8381
0.00614131,7237.2,0.50282,8382
0.07752783,7237.1,0.68,8382.2
3.04252072,7236,0.012,8382.3
0.11524119,7235.7,1.33235082,8382.7
0.001964,7235,0.0004,8383.6
0.00660013,7234.7,0.199,8383.8
0.013379,7234.6,0.00138974,8384
0.08934601,7233.7,0.68,8384.4
0.00682953,7233.5,0.02508123,8384.5
0.0295,7233.2,0.025,8384.6
0.00705894,7232.2,0.001,8385
0.2,7231,0.0011,8385.4
0.13528835,7230.9,0.16831,8386
1.62501,7230,0.68,8386.7
0.00751776,7229.7,0.05,8387
0.11841373,7228.6,0.02,8387.2
0.013379,7228.5,0.50882353,8388
0.00774717,7228.4,0.01,8388.4
0.13172269,7228.2,1.44950315,8388.6
0.1234,7228,0.879,8388.9
0.00797657,7227.1,0.003975,8389
0.5,7226,0.025,8389.7
0.01028648,7225.9,1.0413,8390
0.00314254,7225.5,0.000527,8390.9
0.22,7225,0.125,8391
0.00859638,7224.6,0.68,8391.1
0.00890628,7223.4,0.005,8392
0.5,7222.4,0.68,8393.3
0.033379,7222.3,0.002,8393.6
0.00921618,7222.1,0.01,8393.7
0.09093228,7221.7,0.199,8393.9
0.12158627,7221.4,1.56665548,8394.5
0.4,7221,0.025,8394.9
0.00952609,7220.8,0.25,8395
0.21,7220,100,8395.3
0.12415966,7219.7,0.68,8395.6
0.00983599,7219.6,0.02,8397.1
0.04,7219,0.3004,8397.5
0.01014589,7218.3,0.68,8397.8
0.01045579,7217.1,0.50101,8398
0.01,7217,0.15,8398.8
0.013379,7216.2,0.32937454,8399
0.03576769,7215.8,6.52694022,8400
0.41594672,7215,1.68380781,8400.4
0.0110756,7214.5,0.0004,8400.5
0.12475881,7214.3,0.00423985,8402
0.4,7214,0.02865306,8402.5
0.02,7213.4,0.00287114,8403
0.0113855,7213.3,0.0004,8403.5
0.2,7213,0.004,8403.6
0.00135,7212.1,0.199,8404
0.0116954,7212,0.039273,8405
0.11659664,7211.3,0.0004,8405.7
0.1,7211,1.80096013,8406.2
0.0120053,7210.8,0.4479638,8406.3
0.013379,7210.1,0.01,8406.9
0.2598,7210,0.0025,8407.2
0.09251855,7209.7,0.54113,8408
0.0123152,7209.5,0.0004,8408.5
0.01262511,7208.2,0.199,8409.1
0.005015,7208,0.0004,8409.5
0.12793135,7207.1,0.26574986,8410
0.01628261,7207,0.002,8410.4
0.09341652,7205.7,0.03,8410.6
0.1,7205.5,0.03,8411
0.25,7205,0.01241681,8412
0.01355481,7204.5,1.91811246,8412.1
0.04,7204.4,5.492664,8413
0.013379,7204,0.199,8414.1
0.0241,7203.8,2.0004,8414.9
0.01386472,7203.2,25,8415
0.01,7203,0.002,8415.7
0.10903361,7202.9,0.01,8416.1
0.12846,7202,0.00184175,8416.6
0.01517462,7201.9,2.54666479,8418
0.00257509,7201.4,0.199,8419.2
24.3125,7201.3,0.620895,8420
0.2,7201.1,0.01,8420.1
0.105,7201,0.0062,8420.6
0.01448452,7200.7,0.02635854,8421
90.75659444,7200,0.02,8422
0.01479442,7199.4,0.04,8423
0.0084,7199,0.01361345,8424
0.01510432,7198.2,0.01,8424.1
5.04493403,7198,0.199,8424.2
0.013379,7197.9,2,8425
0.09410482,7197.7,0.002,8427.2
0.0004,7197.5,0.0004,8427.5
0.01541423,7196.9,0.50133,8428
0.005,7196,10,8429
0.01583481,7195.6,0.199,8429.3
4.73535247,7195.3,0.305,8430
5.17312945,7194.9,0.002,8432.3
0.10147059,7194.5,0.04297,8433
0.01636607,7194.4,0.01,8433.8
0.01689733,7193.1,0.001,8434.2
0.13427644,7192.9,0.199,8434.3
0.01742859,7191.9,0.01,8434.4
0.013379,7191.7,0.01521008,8436
0.1,7191,0.06,8437.6
29.7105,7190.9,0.5,8438
5.30853057,7190.7,0.199,8439.4
0.01795985,7190.6,0.5504859,8440
0.032782,7190.3,0.48287007,8440.3
0.18821,7190,0.2125,8441.1
0.014,7189.5,0.005,8442
0.51849111,7189.3,0.0004,8442.6
0.01902237,7188.1,0.02,8443.3
1.115492,7188,0.001,8443.9
0.01955363,7186.8,5.02343956,8444
0.09390756,7186.1,0.219,8444.4
0.09569109,7185.8,0.196037,8446
0.13744898,7185.7,0.86680672,8448
0.0334639,7185.6,0.31,8448.8
5.22305575,7185.5,0.422,8449
5.08607765,7185.4,0.00229376,8449.2
4.87255045,7185,0.199,8449.5
0.02061616,7184.3,0.094361,8450
0.002691,7184,7.2886479,8452
0.02114742,7183,0.0004,8452.8
4.99165617,7182.5,0.00285382,8454
0.1,7182,0.0004,8454.4
0.02167868,7181.8,0.199,8454.5
5.32246938,7181.4,0.525,8455
5.33066019,7181,0.22,8456
0.02220994,7180.5,25,8456.1
3,7180.1,0.237737,8457
3.39,7180,0.02803585,8457.6
5.06635452,7179.8,0.003975,8459
0.0227412,7179.3,0.199,8459.6
0.14062152,7178.6,0.0004,8459.8
0.02327246,7178,0.01840336,8460
0.08634454,7177.6,0.01,8462
0.00260764,7177.2,0.00044567,8462.1
0.02380372,7176.7,0.01,8463.6
0.02433498,7175.5,0.0025,8464.2
0.0828154,7174.3,6.780407,8464.4
0.02486624,7174.2,0.199,8464.6
0.09727737,7173.8,0.00042066,8464.7
24.772129,7173.4,0.002,8465.7
0.2753975,7173,0.05881,8467
0.0008,7172.8,0.505,8468
0.02592876,7171.7,0.098,8468.2
0.02868174,7171.5,0.04,8469
0.14379406,7171.4,0.1994,8469.7
5.12344872,7171.3,0.0558,8470
0.2,7171,0.342773,8470.5
0.02646003,7170.4,0.025,8471.9
4.64411089,7169.5,0.0463,8472
5.15552281,7169.3,0.0058,8473
0.1057728,7169.2,0.0004,8473.5
4.7651596,7169,0.51777634,8474.4
0.3,7168.8,0.199,8474.7
5.13396588,7168.2,0.1004,8475
0.05542456,7167.9,0.01,8475.2
5.32051973,7167.7,0.0004,8476.3
0.013379,7167.2,3.085,8477
0.02805381,7166.7,0.05,8477.1
5.64250597,7166.2,0.50133,8478
4.98486644,7165.8,0.0004,8478.2
0.0285333,7165.4,0.02613,8479
5.79266001,7165,0.0004,8479.7
0.39,7164.9,0.199,8479.8
0.1469666,7164.3,0.9471,8480
5.06063811,7164.2,0.06668577,8480.2
5.51634445,7164.1,0.02,8480.3
0.0225,7164,0.0004,8480.7
10.23725998,7163.8,2.52206,8481
0.002,7163.7,0.00274577,8481.8
4.79103083,7163.5,0.35701,8482
5.26211586,7163.1,0.0024,8482.3
0.00336816,7163,0.1,8482.4
5.00441546,7162.7,104,8483.9
0.00135,7162.1,0.02859664,8484
5.50403827,7161.8,0.0004,8484.4
10.86185315,7161.7,0.199,8484.8
0.013379,7161.1,0.01526,8485
0.1,7161,0.0004,8485.7
0.07121849,7160.8,0.39239,8486
0.07205088,7160,0.02865306,8486.1
0.05,7159.7,0.17,8487
4.94942355,7159.5,0.0004,8487.2
0.196632,7159,0.01,8487.6
4.99139786,7157.9,0.6228,8488
4.82663253,7157.8,0.25,8488.9
4.91640408,7157.5,0.08,8489
5.57679545,7157.3,0.0004,8489.2
0.15013915,7157.1,0.01,8489.5
0.02266,7157,0.01,8489.6
0.41594672,7155.7,0.02000614,8489.7
4.63212396,7155.6,0.199,8489.9
2.043379,7155,26.087992,8490
5.61132957,7154.6,0.0004,8490.9
0.00264019,7153.1,0.005,8492
5.54799546,7152.4,0.0004,8492.4
0.09938,7152,0.02,8492.8
1.1,7151,0.02891317,8494.1
6.18805709,7150,0.0004,8494.5
4.93350182,7149.4,0.199,8494.9
5.36313291,7149,1.45407017,8495
5.26300953,7148.3,0.02359328,8496
2,7147.7,0.0135,8496.8
5.69398069,7147.1,0.70202,8498
5.41728384,7146.4,0.28,8498.6
4.97415246,7146.3,0.4,8498.9
0.005,7146,0.27445393,8499
4.89162996,7145.8,20.14086238,8500
1.09375,7145.1,0.0004,8500.2
0.25,7145,0.0004,8501.6
0.1,7144.2,0.04552,8502
0.00759705,7144,0.0004,8503.5
0.05609244,7143.9,0.01,8503.9
5.37335595,7143.3,0.03,8505
5.25339508,7143.1,0.0004,8505.3
0.24194341,7142.9,4.2,8505.8
4.69565325,7141.2,0.00283638,8506
0.15,7141,0.1,8506.7
5.32666529,7140.2,0.0004,8506.8
0.0008,7139.7,0.02,8507.3
0.27702,7139,25,8507.8
5.12619899,7138.3,0.0004,8507.9
0.08236,7138,0.53478992,8508
4.70680576,7136.9,0.55268261,8508.4
0.035,7136.7,0.1176,8509
0.15965677,7135.7,0.0004,8510
0.54852941,7135.5,0.05,8511
4.70243347,7135.1,0.0004,8511.8
4.97702251,7134.9,0.050949,8512
5.23370338,7134.8,0.0004,8512.8
5.61059336,7132.5,0.1,8513
4.7870373,7131.7,0.0004,8514
0.23667,7131,0.00319778,8514.4
5.44365615,7130.7,1.54,8515
0.08275,7130,0.03,8515.3
0.00267274,7128.9,0.0004,8515.6
0.16282931,7128.6,0.002,8515.7
5.74862092,7128.4,13.11590909,8517
5.03384842,7128.3,0.01,8517.1
0.1639,7128,0.01,8518
0.04096639,7127.1,0.0004,8519.3
0.96422,7127,0.37938655,8520
0.41594672,7126.1,0.0004,8521
0.002556,7125.9,0.001,8521.9
10.55260942,7125.1,0.0004,8522.8
1.37,7125,1.824753,8523
5.56216525,7124.7,0.46777257,8523.8
4.76967324,7124.4,0.5135,8525
5.38097971,7123.1,0.025,8525.5
0.05,7123,0.1,8526
4.61299349,7122.4,0.0004,8526.5
5.03144023,7122.3,0.005,8527
5.46941754,7121.9,0.00133,8528
0.16600186,7121.4,0.003975,8529
4.97855165,7121.1,0.04,8529.3
0.1,7121,0.0004,8529.8
1.09628,7120,0.02,8530
5.21352645,7119.4,20.01,8530.3
5.03218567,7119.1,0.03019048,8530.7
0.02338898,7119,0.0004,8530.8
0.03340336,7118.7,0.07139,8531
4.87078162,7117.8,0.02798319,8532
0.047,7117.4,0.002,8532.3
10.85244721,7117.1,0.0004,8532.4
0.01,7117,0.001,8532.6
5.53917901,7116.6,0.0004,8534.1
4.70907378,7116.4,0.636863,8535
4.84884095,7115,0.00049795,8535.6
0.1691744,7114.3,1,8536.4
0.04,7113,0.0004,8537.1
4.73574285,7112.9,24.75875,8537.5
5.15430812,7112.3,0.0004,8538.3
0.00137,7112.1,0.0004,8539.4
0.05,7112,0.335,8540
5.30950961,7111.7,0.0004,8541
0.08810297,7111.4,0.001,8541.8
0.10575,7111,0.01,8542
0.02584034,7110.3,0.0004,8542.1
0.3366159,7110,0.58758888,8542.4
5.39663286,7108.2,0.035,8543
4.78613336,7107.5,0.02957983,8544
4.79124647,7107.1,0.0024,8544.2
5.0968882,7106.1,0.01,8544.6
0.6,7105,0.8038,8545
0.00270529,7104.8,0.0004,8545.4
4.7035107,7103.8,0.0004,8546.8
0.02,7102.5,0.0036498,8546.9
1.09375,7102.3,3.2,8548
0.25,7102,0.0004,8548.2
5.17213439,7101.9,0.05,8548.4
0.01827731,7101.8,0.247,8549
0.002,7101.4,0.0004,8549.3
1.92943798,7101.1,4.204569,8550
1.101,7101,0.07122167,8550.3
0.02868174,7100.8,0.1,8550.6
5.10644702,7100.6,0.0029,8551
20.25529757,7100,0.0004,8551.7
0.0005,7097.5,50,8552.7
0.41594672,7096.4,0.0004,8553.7
0.005,7096,0.5636,8555
0.0004,7095,0.0004,8555.9
0.0005,7094.9,0.03927247,8556
0.002,7094.6,0.01,8557.1
0.73358,7094,0.0004,8557.4
0.01071429,7093.4,0.00042066,8558.8
0.17869202,7092.9,0.0004,8558.9
0.00777454,7092.8,0.01281881,8559
0.0005,7092.4,0.116866,8560
0.025,7091.4,0.0004,8560.1
0.1,7091,0.0009,8560.2
0.000706,7090,0.04,8561
0.0005,7089.9,0.02,8561.2
0.2,7088,0.0104,8561.8
0.0005,7087.4,0.1,8563
2,7086,0.15,8563.5
0.18186456,7085.7,0.0004,8564.2
0.00315126,7085,1,8565
0.0005,7084.8,0.002,8565.7
0.5,7083.4,0.0004,8565.8
0.0005,7082.3,0.005,8567
0.1,7081,0.03146779,8567.2
0.00273784,7080.6,0.0004,8567.3
2.09074675,7080,0.04277311,8568
0.0005,7079.8,0.0004,8568.6
1.0647685,7079.6,0.2,8570
0.00793887,7079.3,0.0004,8570.2
0.18503711,7078.6,0.02865306,8570.6
0.019062,7078,0.0004,8571.5
0.0005,7077.3,0.21,8571.9
0.01413028,7077,0.01,8572.2
0.0004,7076,0.0004,8573.2
0.20341006,7075,0.0004,8574.5
0.0005,7074.7,3.00999,8575
0.0005,7072.2,0.0004,8576.2
0.00767547,7071.7,0.62249515,8576.4
0.18820965,7071.4,7.0625,8577
0.1,7071,0.16595,8577.3
0.023447,7070,0.29727,8577.4
0.0005,7069.7,0.0004,8577.9
0.0005,7067.2,0.00133,8578
0.41594672,7066.8,1.73781003,8579
0.025,7066.3,0.00410181,8579.6
0.11037,7066,0.06436975,8580
0.0005,7064.6,0.0004,8580.3
0.19138219,7064.3,0.0004,8581.7
0.005,7063.7,50,8582.2
6,7062.9,0.002,8582.3
0.00187,7062.1,0.0125,8582.8
3,7062,0.0004,8582.9
0.17122,7061,0.0451,8584
0.0005,7059.6,0.0004,8584.3
1.09375,7059.4,1.025,8585
0.00883229,7058.6,0.01,8585.4
0.19505473,7057.1,0.0004,8586.1
0.00277039,7056.5,0.05,8587
0.00244,7056,0.0004,8589
0.012,7055.5,0.002,8589.7
0.54,7055,0.04998,8590
0.0005,7054.5,0.0004,8590.4
0.0005,7052,0.03,8591.5
0.1,7051,0.04596639,8592
29.63997227,7050,0.005,8594.2
0.0005,7049.5,0.02,8594.6
0.1,7049,0.0004,8594.9
0.09339054,7048.6,1.00393706,8595
0.00526828,7047.5,0.00043558,8596.9
0.0005,7047,0.0004,8597.2
0.005,7046,0.00101,8598
0.0005,7044.4,2.106975,8599
0.025,7042.3,0.01,8599.7
0.0005,7041.9,0.0014,8599.9
0.1,7041,10.0200402,8600
0.04,7040.8,0.024754,8600.5
0.005,7040.7,0.0004,8601.3
0.01,7040.4,0.0024,8602
0.01,7040,0.0004,8602.4
0.0005,7039.4,0.0327451,8603.8
0.002,7039.2,0.07599303,8604
0.00972571,7037.9,0.0004,8604.1
0.41594672,7037.1,0.087,8605
0.01,7037,0.0004,8605.3
0.0005,7036.9,0.02,8607
0.1,7036,0.0004,8607.4
0.04,7035,0.1,8607.6
0.0005,7034.3,1,8608
0.00280294,7032.3,0.0004,8608.7
0.00343091,7032,0.03531,8609
0.0005,7031.8,0.0004,8610
0.1,7031,0.65740142,8610.5
0.02941434,7030.8,0.40240179,8611
0.15,7030,0.0004,8611.6
0.0005,7029.3,0.00455382,8612.2
2,7027.5,0.0004,8612.6
0.02846021,7027.4,0.234,8613
0.015,7027,5,8613.6
0.0005,7026.8,0.0004,8613.8
0.03,7025.4,0.01,8614
1.1,7025,0.36689,8615
0.0005,7024.2,0.0004,8615.6
0.04,7024,0.002,8615.7
0.101076,7023.4,0.03915966,8616
0.1,7023,0.0004,8617.3
0.1,7022,1.01,8618
0.0005,7021.7,0.0004,8618.5
0.1,7021,0.0004,8620.2
0.0005,7019.2,0.07575758,8620.5
8.783851,7019,0.0004,8621.4
0.01061912,7017.2,0.02,8622
0.09603432,7017.1,0.0004,8622.8
0.0005,7016.7,0.01,8623
1.09375,7016.6,0.0004,8625.2
0.384,7015.5,0.0004,8626.7
0.002712,7015,0.01,8627.3
0.0005,7014.1,1.00173,8628
0.021,7012.6,0.0004,8629.5
0.00137,7012.1,0.13,8630
0.121838,7012,0.46,8630.4
0.0005,7011.6,0.0464,8630.6
0.1,7011,0.03,8631
0.121838,7010.9,0.0004,8631.9
1.8708,7010,0.002,8632.3
0.121838,7009.8,0.0004,8633.3
0.0005,7009.1,0.0004,8634.5
0.121838,7008.6,10.39543,8635
0.00283548,7008.2,0.67023,8636
4,7008,0.0004,8636.1
0.53778472,7007.5,0.01,8637
0.021,7007,0.0004,8637.2
0.0005,7006.6,1.05,8638
0.121838,7006.4,0.0004,8638.7
0.15,7005.9,0.005,8639
0.121838,7005.3,0.0359,8640
1.252506,7005,0.03402241,8640.3
0.121838,7004.1,0.01,8640.5
0.0005,7004,0.0004,8641.8
0.121838,7003,0.045,8642
0.121838,7001.9,0.0004,8643
0.0005,7001.5,0.0004,8644.1
0.2,7001.1,0.69230769,8644.5
0.701,7001,0.00500583,8644.8
0.121838,7000.8,0.0004,8646
0.0012,7000.1,0.0004,8647.2
41.3718314,7000,1,8648
2,6999.9,0.0004,8648.3
0.121838,6999.7,0.002,8649
0.061823,6999,0.0004,8649.4
0.121838,6998.5,3.98501757,8650
0.121838,6997.4,0.00999,8650.9
0.01151254,6996.6,0.00042066,8652.9
0.0005,6996.5,0.1,8653.6
29.9412,6996.4,0.025,8654.5
0.121838,6996.3,0.01,8654.8
0.005,6996,1.03,8655
0.121838,6995.2,0.02865306,8655.8
0.00051333,6994.9,0.03843,8656
0.2,6994.7,0.00356,8657
0.121838,6994,5,8658.3
0.0005,6993.9,0.0004,8658.5
0.12232027,6992.9,0.0004,8660.5
0.0004,6992.5,0.00777454,8661.4
0.025,6992.4,0.0004,8661.8
0.121838,6991.8,0.12,8663
0.0005,6991.4,0.00278465,8664
0.004,6991,0.002,8665.7
0.121838,6990.7,0.3,8666
0.01,6990,0.003,8667
0.00051333,6989.8,0.00048369,8667.8
0.121838,6989.6,1.01,8668
0.00345202,6989,0.01,8668.9
0.0005,6988.9,0.008975,8669
0.121838,6988.4,0.01,8669.1
0.121838,6987.3,1.0744,8670
0.0005,6986.4,0.0004,8671.1
0.121838,6986.2,0.001,8674.9
0.09867811,6985.7,25,8675
0.121838,6985.1,0.03529972,8676.9
0.141503,6985,0.212,8677
0.00051333,6984.7,0.00545784,8677.4
0.00286803,6984,1.00133,8678
0.141838,6983.9,0.72721396,8678.5
0.0005,6983.8,1,8679.9
0.121838,6982.8,0.852777,8680
0.1,6982.1,0.0004,8681.6
0.121838,6981.7,0.002,8682.3
0.0005,6981.3,0.01,8682.4
0.121838,6980.6,0.05,8687
2.232527,6980,0.05,8687.6
0.00051333,6979.7,0.0125,8687.7
0.121838,6979.4,1,8688
0.0005,6978.8,1.5,8688.7
0.2,6978.5,0.056896,8689
0.121838,6978.3,0.0004,8689.5
0.41594672,6977.8,6.04,8690
0.121838,6977.2,0.08029348,8690.7
1.772,6977,0.01,8692
0.001,6976.5,18.66916,8693.8
0.0005,6976.3,0.15,8696.9
0.121838,6976.1,0.03,8697
0.01,6976,0.02,8697.6
0.01240596,6975.9,1.00101,8698
0.221838,6975,0.005,8698.1
0.00051333,6974.6,0.107,8699
0.121838,6973.8,0.0004,8699.9
1.09425,6973.7,1.19476003,8700
0.121838,6972.7,0.2,8701
0.1,6972.4,0.25,8701.6
0.121838,6971.6,0.0004,8702.4
0.0005,6971.2,0.0004,8703.6
0.001,6970.8,0.005322,8704.3
0.121838,6970.5,0.005,8704.4
0.01,6970,0.0004,8704.7
0.00051333,6969.5,0.03,8705
0.121838,6969.3,0.0004,8707.4
0.0005,6968.7,0.16,8708
0.121838,6968.2,0.0204,8709
0.121838,6967.1,0.0030734,8709.2
0.25,6967,0.01,8709.9
0.0005,6966.2,0.00590985,8710
0.121838,6966,0.0004,8711
0.0430725,6965,0.01409071,8711.3
0.121838,6964.9,0.0004,8712.5
0.00051333,6964.4,0.76212023,8712.6
0.121838,6963.7,15.44033,8713.1
0.0005,6963.6,0.59435412,8713.4
0.121838,6962.6,0.0004,8713.6
0.015,6962.3,0.0004,8714.7
0.00137,6962.1,0.3,8714.8
0.02970673,6961.6,0.002,8715.7
0.121838,6961.5,0.0004,8716.1
0.0005,6961.1,0.31837241,8716.4
0.121838,6960.4,0.0004,8717.4
0.01582611,6960,0.1127674,8718
0.00290058,6959.9,0.0004,8718.5
0.00051333,6959.3,0.002,8719
0.121838,6959.2,0.0029,8719.7
0.0005,6958.6,0.0095,8720
0.121838,6958.1,0.0004,8721
5,6958,0.0004,8722
0.121838,6957,0.01,8723
0.0005,6956.1,0.0004,8724.1
0.01329937,6955.2,0.01375,8725
2.3,6955,0.005,8725.5
0.10132189,6954.3,0.0004,8725.8
0.00051333,6954.2,0.01,8726.3
0.0005,6953.5,0.0004,8727.1
0.36,6953,0.034197,8728
0.000515,6952,0.0004,8728.6
0.001,6951,0.01,8729
28.867403,6950,0.0004,8729.7
0.00051333,6949.2,0.0644,8730
0.0005,6948.5,0.0004,8731.5
0.41594672,6948.2,0.01,8732
0.02,6947.9,0.002,8732.3
0.05,6947,0.0004,8733.3
0.00897339,6946,0.0004,8734.5
0.00051333,6944.1,0.0004,8735
0.0005,6943.4,0.0004,8736.1
0.3,6943,0.0004,8737.1
0.0004,6941.8,0.01,8737.4
0.0005,6940.9,0.00557369,8738.5
0.015,6940,0.0004,8738.6
0.00051333,6939,0.00494163,8738.8
0.0005,6938.4,0.003975,8739
0.0158,6937.4,0.1,8739.9
1,6936.2,0.05,8740
0.0005,6935.9,0.0004,8740.2
0.00293313,6935.8,0.0004,8741.3
0.01419279,6934.5,0.05658506,8742
0.00051333,6933.9,0.00636187,8742.6
0.0005,6933.3,0.0004,8743
1.09375,6930.9,0.005,8744
0.0005,6930.8,0.0004,8744.8
0.24607299,6930,0.00045168,8746.2
0.00051333,6928.8,0.0004,8746.3
0.01152176,6928.5,0.7970265,8746.6
0.0005,6928.3,0.01042066,8747.1
0.01,6926.6,0.025,8747.6
0.0005,6925.8,0.0004,8747.7
0.1,6925,0.0024,8749
0.04,6924,0.001,8749.9
0.00051333,6923.7,0.74382916,8750
0.0005,6923.2,0.0004,8750.9
0.01,6923,0.002,8751.9
0.10396568,6922.9,0.0004,8752.6
0.004,6921,0.0004,8754.2
0.0005,6920.7,2.03,8755
0.01,6920,0.0004,8756.5
0.41646005,6918.6,0.0004,8758.2
0.0005,6918.2,0.2,8759.1
0.00244,6918,0.0004,8759.8
0.00540997,6917.4,0.100276,8760
2.11567,6916.3,0.1,8760.1
0.0005,6915.7,0.08482939,8760.8
0.02305186,6915.3,0.0004,8761.5
0.9,6915,0.0004,8762.9
0.01508621,6913.8,0.0925,8763
0.00051333,6913.6,0.13987,8765
0.0005,6913.1,0.0004,8765.1
2,6912.9,0.002,8765.7
0.015,6912.3,0.0004,8766.5
0.00137,6912.1,0.0004,8767.5
0.00296568,6911.6,0.01,8768
0.0005,6910.6,0.0004,8768.9
0.005,6910.1,0.0304,8770
0.90947017,6910,0.0004,8771.7
0.01,6909,0.00275037,8772
0.00051333,6908.5,0.05,8773
0.0005,6908.1,0.0004,8773.5
0.0005,6905.6,0.0024,8774
0.025,6905,0.0004,8774.9
0.00349452,6904,0.010885,8775
0.00051333,6903.4,0.00681388,8775.2
10.0005,6903,0.0004,8776.3
0.03458195,6902,7,8777
0.001,6901.9,0.05133,8778
0.1,6901.1,0.10006,8778.4
0.002,6901,0.0004,8779.3
0.0005,6900.5,1.03,8780
109.59118957,6900,0.025,8780.2
0.05,6899,0.83193277,8780.6
0.00051333,6898.3,0.0004,8780.7
0.0005,6898,0.002,8782.3
0.005,6896,0.0004,8783.8
0.0005,6895.5,0.0004,8785
0.025,6893.4,0.0004,8785.7
0.00051333,6893.2,0.15,8787
0.01597962,6893.1,0.05,8788.7
0.03000237,6893,0.0004,8789.3
0.0005,6892.9,0.40322,8790
0.002,6891.7,0.0004,8790.4
0.10660946,6891.4,0.01,8790.9
0.01095815,6890.8,0.02,8791
0.0005,6890.4,0.11,8792
3.70168,6890,0.01,8792.5
0.02902922,6889.6,0.0004,8793.2
0.059141,6889,0.1,8793.7
0.04611204,6888.7,0.0095,8794
0.00051333,6888.1,0.2,8794.7
1.29375,6888,0.006094,8795.3
0.0005,6887.9,0.0075788,8795.6
0.00299823,6887.5,0.225,8795.9
1.01,6886.3,0.0004,8796.2
0.0005,6885.4,0.00101,8798
0.02,6885,0.3,8798.3
0.025,6883.8,0.008112,8798.4
0.00051333,6883.1,0.0605,8799
1,6882.9,19.1741292,8800
0.0005,6882.8,0.0004,8801.2
0.0181842,6881,0.0004,8802.5
0.0005,6880.3,0.025,8802.9
27.309102,6880,0.4234526,8805
0.20051333,6878,0.0004,8805.2
0.0005,6877.8,0.0004,8806.5
1.21,6877,0.00726589,8807.9
1.264855,6876.8,0.2,8808
0.05764213,6875.4,0.003975,8809
0.0005,6875.3,0.0004,8809.3
0.11,6875,0.04329,8810
0.0276368,6874,0.0004,8810.4
4,6873.9,0.0004,8811.5
1.67917198,6873.4,0.0004,8812.8
0.0267,6873,0.0004,8813.9
0.00051333,6872.9,0.01,8814.3
0.0005,6872.7,1.19862004,8814.6
0.01687304,6872.4,0.03,8815
0.1,6871,0.0004,8815.5
0.0005,6870.2,0.002,8815.7
1.65582747,6870,0.00899581,8817.1
0.05,6868.2,0.0004,8817.4
0.00051333,6867.8,0.01,8818
0.0005,6867.7,0.0004,8818.8
0.1,6867,0.00047376,8818.9
1.88790403,6866.5,0.0004,8819.9
0.0005,6865.2,3,8820
0.17086704,6865,0.02,8820.1
0.00303078,6863.3,0.01,8820.4
1.59616803,6863.1,0.0004,8821.1
0.00051333,6862.7,0.02,8822
0.0005,6862.6,100,8822.3
0.06917223,6862.2,0.0004,8822.4
0.00139,6862.1,0.00528439,8824.2
0.45044,6861.8,0.001,8824.7
0.006349,6861.1,0.01,8825
0.00351642,6861,0.0004,8825.3
0.0005,6860.1,0.00273354,8826
0.11925325,6860,0.0004,8826.4
1.22411576,6859.6,0.0004,8827.4
5.099926,6857.8,0.00129101,8827.7
0.00101333,6857.6,0.00133,8828
1.10743635,6856.2,0.008,8828.8
0.48187839,6855.1,0.05865306,8829
0.1,6854.5,0.0004,8829.4
0.12,6854,0.049985,8830
1.10661633,6852.8,5,8830.3
0.00101333,6852.5,0.0004,8830.6
0.01776646,6851.7,0.08936529,8831
1.744,6851,0.0004,8832.1
2.637751,6850,0.002,8832.3
1.03545813,6849.3,0.0004,8833.5
0.08070232,6848.9,0.0004,8834.6
0.14612975,6848,0.028,8834.9
0.00051333,6847.5,0.01,8835
0.005,6846,0.0004,8835.9
1.81537447,6845.9,0.0004,8837.2
1.49160291,6842.5,0.87702799,8838
0.00051333,6842.4,0.0004,8838.3
24.951,6841.6,0.0004,8839.4
0.016,6841.4,0.0077179,8840.5
0.01,6840,0.0004,8840.7
0.00306333,6839.2,0.00042066,8841.2
1.81495258,6839,0.0004,8841.8
0.5,6838,0.01,8842
0.1,6837.4,0.0004,8842.9
0.00051333,6837.3,0.03693,8844
1.81970433,6835.6,0.0004,8844.1
3,6835,0.01,8845
0.052504,6834,0.0004,8846
4,6833,0.001,8846.8
0.2,6832.3,0.0004,8847.1
0.00051333,6832.2,0.2,8847.3
1.8539395,6832.1,0.01,8847.6
0.00675227,6832,0.025,8847.7
0.02643441,6831,0.90174531,8848.7
0.03,6830,0.002,8849
1.32550626,6828.7,0.0004,8849.1
0.12189703,6828.6,0.2077836,8849.6
0.09,6828,10.36594203,8850
0.00051333,6827.1,0.0004,8850.1
0.1,6826,0.0004,8851.2
1.45544368,6825.3,0.48,8851.5
0.03030086,6825.1,0.0004,8852.8
0.1,6825,0.0004,8854
0.04,6824,1,8854.3
0.10376251,6822.3,0.04,8855
0.00051333,6822,0.0004,8855.6
1.08113369,6821.8,0.0004,8857.6
0.71634394,6820,0.0004,8859.1
0.00353808,6819,0.26,8859.3
1.3201547,6818.4,0.06,8860
0.00051333,6816.9,0.0004,8860.6
1.71555255,6815,0.005,8860.8
0.45,6813,0.0004,8861.7
0.00139,6812.1,0.19596,8862
0.00051333,6811.9,0.097875,8863.2
0.8,6811,0.0004,8863.5
0.01955329,6810.3,0.05,8864.8
2.09247803,6810,0.0104,8865
0.1152926,6809.1,0.002,8865.7
0.04,6808,0.0004,8867
5.2908,6807.4,0.0195,8868
0.03,6807.1,0.0004,8868.1
0.3408,6807,0.0004,8869.3
0.05,6806.9,1.83,8870
0.00051333,6806.8,0.00241762,8870.3
1.58091454,6806,0.0004,8870.4
0.3,6805.6,0.1,8870.6
0.013524,6805,0.0004,8871.9
1,6804.2,0.00816991,8873.1
0.0123425,6804,0.0004,8873.4
0.000571,6803,0.05,8874.3
1.65972086,6802,0.0104,8875
0.00051333,6801.7,0.01,8875.2
0.2,6801.1,0.2604,8877
1.011,6801,0.00133,8878
34.32593113,6800,0.0004,8878.1
2.05,6799,0.003975,8879
1.07,6798,0.0004,8879.6
0.05,6797.6,47.5,8879.9
0.11454082,6797.1,5.05267692,8880
0.00051333,6796.6,0.0004,8880.9
1.58911937,6796.5,0.0005,8881
0.005,6796,0.0024,8882.3
0.12682269,6795.8,0.93665158,8882.7
0.025,6794.4,0.00485213,8882.9
1.86048299,6793.1,0.04,8883
0.01,6792.9,0.0004,8883.4
0.00051333,6791.5,0.00491508,8884
0.00312843,6790.9,0.01,8885
0.01,6790,0.0004,8885.2
0.02044671,6789.7,0.0004,8886.5
1.44348238,6789.6,0.275,8887
10,6789,0.0004,8887.7
0.725,6788,0.26471799,8888
0.00041223,6787.5,0.01687,8888.2
0.1,6787,0.0004,8889
0.00051333,6786.4,0.03,8889.5
1.69628043,6786.2,0.025,8889.8
0.005,6784.3,3.682879,8890
0.13283674,6783,0.0205,8891
1.54762492,6782.7,0.0004,8891.4
0.14291678,6782.5,0.01,8892
0.02,6782.2,0.0004,8892.6
0.00244,6782,0.0004,8893.7
0.00051333,6781.4,0.2,8894.4
0.004,6781,0.0004,8894.8
2.315,6780,0.01283298,8895
1.53766498,6779.3,0.0004,8896.6
0.05,6779.1,0.0004,8897.8
0.00355948,6778,0.025,8897.9
0.00051333,6776.3,0.00101,8898
0.0053977,6776.1,0.0005,8898.6
0.05,6776,0.022,8899
1.83719614,6775.8,0.0004,8899.4
0.1,6775,0.061,8899.9
0.02262,6773,24.80964084,8900
1.0455292,6772.4,0.0939012,8901.1
0.00051333,6771.2,0.0004,8901.2
0.01,6770,0.031285,8901.8
0.17270285,6769.3,0.0004,8902.3
0.02134013,6769,0.01,8902.7
1.16657667,6768.9,0.0004,8903.6
0.00316098,6766.7,0.01,8904.5
0.00051333,6766.1,0.007984,8904.8
0.1171846,6765.7,0.04,8905
1.16432732,6765.5,0.0004,8905.3
0.01,6762.9,0.00862192,8905.7
0.00139,6762.1,0.1,8906.8
1.63484142,6762,0.0004,8907.3
0.20051333,6761,0.0004,8909.2
0.01,6760,0.0004,8910.6
0.05,6759,0.0004,8911.6
1.96936458,6758.6,0.0004,8912.9
0.461162,6758,0.1285261,8913
0.03060262,6757.8,0.0004,8914.2
0.20248893,6756,0.0004,8915.5
0.00051333,6755.9,0.002,8915.7
1.2635925,6755.1,0.42,8916.6
0.331749,6755,0.97155785,8916.7
0.02960984,6754.5,1.42865306,8916.8
0.11,6754,0.0304,8917
1.98559488,6751.7,2,8917.2
1.000515,6751,0.01,8918
0.00051333,6750.8,0.0004,8918.2
1.935751,6750,0.05,8919
0.02223354,6748.3,0.0004,8919.3
1.39504204,6748.2,0.2973,8920
0.01,6747,0.0004,8920.4
0.005,6746,0.15,8920.6
0.00051333,6745.8,0.15,8921.1
1.90317222,6744.8,0.0004,8922
0.232275,6742.7,0.02,8922.3
0.00319352,6742.6,0.26,8922.4
0.05,6742.4,0.00777454,8922.8
1.40808611,6741.3,0.0004,8923.6
0.00051333,6740.7,0.007,8924.8
0.01,6740,0.05,8925
1.95044429,6737.9,0.0004,8925.1
0.00358167,6736,0.0004,8926.2
0.00051333,6735.6,0.03025164,8926.5
0.02165074,6735,0.1,8927
1.62434158,6734.4,100,8927.9
0.11982839,6734.3,0.00133,8928
0.01,6732.9,0.0004,8928.3
0.01372846,6732,0.0204,8930
1.839044,6731,0.01,8930.3
0.022588,6730.8,0.0004,8931.4
0.00051333,6730.5,0.002,8932.3
0.01,6730,0.0004,8932.7
2,6729.6,0.14752,8933
0.26206107,6729.4,0.0125,8933.1
10,6729.3,0.0004,8934.4
0.0004,6728.8,0.00270019,8935
0.1,6728,0.00042066,8935.3
0.02312696,6727.6,0.0004,8935.8
1.88470477,6727.5,0.4,8936
0.00051333,6725.4,0.03073414,8936.6
0.105,6725,0.0004,8937
1.87346569,6724.1,0.03041557,8938.1
0.04,6724,0.00907394,8938.2
0.89717343,6723.9,0.0004,8938.8
0.0532,6721.1,0.0004,8939.9
0.11954,6721,0.05,8940
1.91526814,6720.6,0.04,8940.7
0.00051333,6720.3,0.0004,8941
0.56099,6720,1.8995,8942
1,6718.6,0.0004,8942.1
0.00322607,6718.4,0.005,8943
1.88333945,6717.2,0.0004,8943.2
0.14766,6717,50,8944
6,6716.5,0.0004,8944.4
0.29184714,6716.2,0.0004,8945.5
0.1,6715.8,0.02707,8947
0.00051333,6715.3,0.0004,8947.3
0.3147,6715,0.133375,8949
1.66576604,6713.7,0.0104,8949.2
0.00139,6712.1,0.00480716,8949.8
1.035,6712,3.45561523,8950
0.004,6711,0.0004,8950.3
1.44134739,6710.3,1.00646412,8950.7
0.00051333,6710.2,0.0004,8951.5
0.215,6710,0.0004,8952.6
0.0092,6709.3,0.0004,8953.7
0.018529,6708.6,2.04,8955
2,6708.3,0.0004,8955.3
0.4,6707.8,0.282717,8955.5
0.02402038,6706.9,0.00463458,8955.7
1.01297656,6706.8,0.0015,8955.8
0.35,6706,0.0004,8956.8
0.00051333,6705.1,0.0104,8957.8
0.023524,6705,0.3,8958
0.00745763,6704.6,0.0004,8959.6
0.1,6703.6,0.639208,8960
1.39429304,6703.4,0.1,8960.7
0.45410539,6702.9,0.005,8961
0.001,6701.9,0.002,8961.5
0.2,6701.1,0.0004,8961.6
2.91131,6701,0.5,8962.9
5.62981073,6700,0.0004,8963.1
0.06,6699,0.0505,8965
0.00746508,6697.9,0.0004,8965.1
0.04879367,6697.3,0.002,8965.7
1.29300229,6696.5,0.05,8966
0.025,6696,0.01,8966.7
0.025,6695.4,0.074153,8967
0.03807061,6695,0.0004,8968.6
0.00325862,6694.3,0.46684786,8969
1.61673975,6693.1,0.0004,8969.7
0.03090676,6691.3,0.0004,8970.7
0.00747255,6691.2,0.00952595,8970.8
2.201,6690,0.0984371,8971.3
1.51199114,6689.6,0.0004,8971.8
0.04,6688.7,0.0004,8972.9
0.01575036,6688.5,0.0999,8974
1.22667204,6688,0.0004,8974.4
0.05,6687.2,0.0004,8975.8
0.89443997,6686.9,3.03,8977
1.48285998,6686.2,0.0177,8977.1
0.3,6686,0.07133,8978
0.8922079,6685.8,0.02139,8979
0.002,6685.5,0.005,8979.1
0.006801,6685.2,0.01,8979.3
0.00044461,6685,3.752,8980
0.83803384,6684.7,0.017,8981
0.00748002,6684.5,0.002,8982.3
1,6684,0.03988,8984.6
0.84894081,6683.6,1.04137039,8984.8
1.32137441,6682.7,0.051,8985
0.80580177,6682.5,0.01,8985.4
0.87026591,6681.4,0.7,8985.7
0.93473006,6680.3,0.39,8987
6.713742,6680,0.013,8988.9
1.42292734,6679.3,0.1515,8989
0.98307816,6679.2,0.50268367,8990
0.05,6679.1,0.25,8991
1.01531023,6678.1,0.0006,8991.7
0.0074875,6677.8,0.0375,8992
0.3,6677.1,0.002,8993.1
1.04754231,6677,0.0004,8994.3
0.38120536,6676.4,0.52,8995
1.3318785,6675.8,0.37498,8997
0.68663497,6674.1,0.005302,8997.8
0.066,6674,0.138893,8998
1.0612171,6672.4,0.00574306,8998.3
0.12511596,6671.4,0.025,8998.7
0.38004498,6671.2,0.170416,8999
0.1,6671,36.11918024,9000
0.00329117,6670.2,0.00997796,9003.4
0.005,6670,0.011,9004
0.00072415,6669.9,0.025,9004.7
1.60284442,6668.9,0.04,9005
0.02,6667,0.02865306,9005.5
0.02718767,6666.9,0.4824,9006
1,6666.7,0.082879,9008.2
1.571668,6666,0.0005,9011.8
0.06209729,6665.9,0.51584,9012
1.10961482,6665.5,0.302,9012.9
0.2,6665,0.15,9015
0.00750248,6664.5,0.002,9015.7
0.41099144,6663.1,0.0004,9015.8
0.007,6663,1.07627666,9018.8
0.00139,6662.1,0.006875,9019
1.12900684,6662,0.055,9020
1.3087693,6661.1,0.22,9021
0.05,6660,0.02,9022
0.05,6659,5.506351,9025.7
1.62951394,6658.6,0.0227,9026
0.00750998,6657.9,0.1,9026.2
0.05,6657.2,0.00133,9028
0.125,6656.6,0.00042066,9029.4
0.0015,6656.5,0.1001,9030
0.165112,6655.7,0.83618,9031
1.58563353,6655.1,0.25888,9032
0.00362581,6654,20,9032.1
0.05,6653.3,0.002,9032.3
0.02,6652.5,100,9033.4
0.02,6652,0.2,9034.8
1.26506158,6651.7,0.005,9034.9
0.01751749,6651.2,0.0025,9035.8
0.58,6651,0.01042997,9036
0.01654,6650.5,0.0004,9037.4
2.018808,6650,0.04394,9040
0.44077751,6649.8,0.0488,9040.2
0.024064,6649,0.01,9040.4
1.7581377,6648.2,0.01185154,9041
0.04,6648,0.10297301,9041.4
2.6,6647.6,0.287,9042.7
0.01,6646.9,0.02197,9043
0.0005,6646.1,0.0409,9043.7
0.00832372,6646,50,9044
0.1,6645.2,0.20266736,9045
1.80438336,6644.8,1.1508,9046
0.00752501,6644.5,0.019139,9049
3.6,6643.4,0.03220943,9050
0.2,6643,0.00045666,9051.3
1.25676693,6641.3,0.04,9051.6
1.3061698,6641,1.11118293,9052.8
0.28109559,6640,0.04688,9053
3.156266,6639,0.0004,9053.6
0.012,6638,0.02197,9054
1.01371659,6637.9,0.04,9055
0.47056358,6636.5,0.01,9055.6
1.19704718,6634.4,0.001,9057.4
0.06,6632.4,0.71480549,9060
0.00754006,6631.2,0.1,9063.4
1.44712367,6631,0.05,9065
4.2764,6630,0.004,9065.2
0.1,6627.9,0.002,9065.7
1.89339325,6627.5,0.105,9066
0.03121465,6625.3,0.01653,9066.9
0.00754761,6624.6,0.46,9067.4
1.89476623,6624.1,0.062285,9068
0.04,6624,0.01088198,9068.7
0.50515386,6623.3,0.001,9069.1
0.03020208,6622.1,0.1386,9070
0.00375627,6621.9,0.001,9071.3
0.21,6621,0.0625,9073
1.20540011,6620.6,0.02979717,9074
1.03433,6620,0.03070196,9077.9
0.05,6619,0.00133,9078
0.16555515,6618,0.0004,9078.6
1.18702988,6617.2,0.05,9079
0.2,6617,0.17,9080
0.501169,6615.6,0.006,9080.1
0.08418432,6615,0.002,9082.3
1.40653086,6613.7,0.01,9083.5
0.01364829,6613,0.00796002,9083.7
0.01339,6612.1,0.01579,9084.4
0.032575,6611.9,0.035,9084.8
0.025646,6611.5,0.205,9085
0.624,6610.8,0.025,9085.8
0.1,6610.5,1.1460892,9086.8
1.47175091,6610.3,0.43,9087
2.58295235,6610,1.4,9088
1,6609.6,0.00371292,9089
0.13040353,6608.6,0.19,9089.8
0.02,6608,0.0004,9091.3
0.44109161,6607.1,100,9091.6
0.5,6607,0.457984,9094.6
1.54410326,6606.8,0.05,9095
0.02,6606.4,0.02865306,9095.2
0.05,6605,0.035,9095.5
1.73953931,6603.4,0.03458092,9096
4.81651058,6603.3,1,9096.9
0.0008,6601.7,0.09701,9098
2.412,6601,0.13443367,9099
11.06565438,6600,51.71159462,9100
0.00338882,6597.7,0.01265094,9101
0.0304,6597,0.01133399,9101.3
0.58394283,6596.7,0.01008239,9103.7
0.01155,6596,0.04,9105
0.01,6595.3,0.1,9106
0.47159866,6594.4,0.0004109,9107
0.04282,6590,0.025,9107.6
0.188652,6589.9,0.0004,9109.9
0.2926232,6589.5,0.25,9111
0.00789425,6588.4,0.10750891,9111.6
0.301518,6588,0.0004,9111.9
9.41444548,6586.5,0.0004,9113
2.6,6585.4,0.00045,9114.1
0.02,6585,0.006234,9114.4
0.05,6584.9,0.0004,9115.5
0.62333731,6583.4,0.002,9115.7
0.02938088,6582.8,0.0004,9117.3
0.000477,6582.5,0.01,9118
0.50552066,6581.6,0.0004,9120.5
0.152,6581,1.18099548,9120.9
4.25591193,6580,0.0004,9121.5
0.05,6579.1,0.46,9121.9
0.01,6577.6,0.0004,9122.7
0.13304731,6577.1,4,9123
0.9795869,6576.8,0.01,9123.1
5.32633621,6576.7,0.00042066,9123.5
0.221542,6576.2,0.0004,9123.8
0.07,6575,0.0004,9125.9
0.00342137,6573.6,0.0090685,9126.3
0.01,6573.3,0.0004,9127.7
0.04615549,6573,0.00373,9128
0.02,6572,0.0004,9128.7
0.004,6571,0.005,9129
0.6627318,6570.2,1,9129.2
0.52,6570,0.0004,9129.8
0.038,6569.7,0.001,9129.9
0.00777454,6569.4,0.13,9130
0.00436071,6569.3,0.05,9131
0.54285764,6568.9,0.0004,9131.2
0.01571072,6566.7,0.002,9132.3
0.01,6566.6,0.1004,9133
1,6566,1.1,9133.8
0.02,6563,0.01178601,9133.9
2,6562.3,0.0004,9134.2
0.03166429,6562.1,0.0004,9135.9
0.03152489,6560.1,0.0004,9137.6
0.242,6560,0.0004,9138.7
0.01,6559,0.0004,9140.4
0.00103115,6558.6,0.0004,9141.8
0.2,6558,0.01,9142
0.70212628,6556.9,0.0004,9143
3.57292029,6556.3,50.0136,9144
0.58019462,6556.1,0.0004,9144.1
0.02,6556,0.01,9144.4
0.0004,6555.8,0.099179,9145
0.04640152,6555.6,0.005,9145.1
0.5005,6555,0.00046017,9145.5
0.01,6551.3,0.0004,9146
0.16,6551,0.0004,9147.1
0.00067181,6550.1,0.0004,9148.6
12.04546255,6550,1.99999998,9149
0.00345392,6549.4,0.05,9149.5
0.15085679,6549.2,0.0004,9149.6
0.01,6546,2.76406029,9150
0.13569109,6545.7,0.01,9150.6
0.0548,6544,0.0004,9150.8
0.74152076,6543.6,0.0004,9152.5
0.61753159,6543.3,0.95082735,9153.1
0.01,6542.3,0.0004,9154
0.03116771,6541.4,0.035,9154.8
0.04,6539.1,1.21590175,9154.9
0.1,6538,2.1413,9155
0.035,6537,0.034617,9155.8
0.89,6535.1,1.44247212,9156.2
0.2,6535,0.00303473,9157
0.025,6533.3,0.0004,9158
0.10369297,6533,0.0004,9158.7
0.07654547,6532,0.023975,9159
0.32954545,6531,0.40792308,9159.3
0.65526857,6530.6,0.68332033,9160
0.78091525,6530.4,0.0004,9160.3
3.6,6529.8,0.0004,9161.8
0.02898,6529.7,0.0005,9162
0.06783087,6527.9,1.73799004,9162.5
0.0031,6527,0.0004,9162.9
0.0431694,6526.3,0.0004,9164.2
1,6526,0.72840917,9164.3
0.00348647,6525.3,0.84563058,9165.6
0.01,6524.9,0.002,9165.7
0.01,6524.6,0.1,9166
0.04,6524,0.0004,9166.1
0.00585227,6523.9,0.01223802,9166.5
0.00810575,6523.1,0.0004,9167.2
0.02,6523,0.0004,9168.3
2.6,6522.1,1.51018454,9168.7
0.06,6522,0.01017698,9169
0.1,6521.4,0.0004,9169.8
15,6521.2,0.01,9170
0.03206113,6520.7,0.0004,9171
0.143664,6520.1,1.43562282,9171.8
0.212162,6520,0.0004,9172.6
0.18,6518.4,0.005,9173
0.69220554,6517.8,0.4321039,9173.1
0.03525372,6517.4,0.0004,9174.3
0.82030973,6517.1,1.65426339,9175
0.02365,6515,0.0004,9175.5
0.1,6514.8,0.1,9177
0.13833488,6514.3,0.0004,9177.4
0.019959,6513.3,0.56788049,9177.5
0.001,6512.7,0.00133,9178
0.04251653,6512.1,1.36881277,9178.1
1.1213,6512,0.01,9178.2
0.01765586,6511.1,0.0004,9178.8
0.01052,6511,0.4701935,9180
0.6245,6510,0.07484494,9181
0.2,6508.5,0.90144478,9181.2
0.04,6508.1,0.7106028,9181.8
0.3,6507.8,1,9182
0.00058797,6507.5,0.002,9182.3
0.03,6507.1,0.0004,9183.7
0.01,6506.9,0.47440639,9184.3
0.01,6506.5,0.00777454,9184.6
1.59947852,6505,0.0004,9184.8
1,6504.7,0.02865306,9185.7
0.85970422,6503.8,0.60866946,9186.2
6.318947,6502,0.0004,9186.4
0.5384,6501.2,0.01418761,9186.7
0.00451902,6501.1,0.40739586,9187.5
2.55390903,6501,0.0004,9187.8
64.33329688,6500,1.25120802,9188.9
0.55,6498.3,0.02,9189
0.00106838,6496.6,0.999,9190
0.01,6496.3,0.0004,9190.1
0.015,6496,1.76723644,9190.6
1.47778201,6495.4,0.0004,9191.2
0.00371572,6493,0.01,9192
0.79768543,6492.3,0.00583437,9192.2
0.3,6492,0.0004,9192.3
0.8990987,6490.5,0.001,9192.9
0.4195806,6490,0.005,9193.5
0.01,6489.3,1.87252989,9193.7
0.2,6489,0.0004,9193.9
0.126473,6488,0.35,9194.6
0.01,6487,0.0004,9195.1
0.0076,6486,0.018796,9196
0.11181478,6485.7,0.0004,9196.6
0.2,6483.8,1.17385109,9196.8
0.14097866,6482.9,0.1125,9197
0.03,6482.8,0.0004,9197.7
0.2,6482,0.0608,9198
0.025,6481.9,0.00049839,9198.2
1,6480.6,0.0004,9198.9
4.87508999,6480,0.042,9199
0.80421647,6479.5,0.02269003,9199.1
0.2,6479,0.3,9199.2
0.00442203,6478.2,23.75500648,9200
0.02,6478,0.0004,9200.1
0.1,6477.8,0.0004,9200.3
2.6,6477.7,0.016,9201
0.93849318,6477.3,0.0004,9201.3
0.00355156,6477,0.0004,9202.8
0.10376,6475,1.54814042,9203.1
0.2,6472,0.0004,9204.2
0.01,6471.6,0.04,9205
0.0675806,6470,0.0004,9205.5
0.01,6469.8,0.01,9205.7
0.84743545,6466.7,1.29933326,9206.2
0.01,6466.6,0.0004,9207.1
0.005,6466,0.0004,9208.5
0.99230028,6464,1.04960226,9209.3
0.00139,6462.1,0.0004,9209.7
0.0675806,6460,0.07984494,9211.2
0.15085679,6458.1,0.0004,9211.3
0.00831725,6457.9,0.0556443,9212
0.018,6457,1.37878961,9212.5
1.4887,6456,0.00261872,9213
0.02094763,6455.6,0.0004,9213.2
0.04425306,6454.5,0.0004,9214.3
0.87889042,6454,0.001,9215
0.01,6453.9,1.00056039,9215.6
0.00373875,6453,0.002,9215.7
0.00358411,6452.8,0.025,9216.2
0.3,6452,0.3,9216.4
0.14362245,6451.4,0.0004,9216.9
0.21,6451,0.00042066,9217.6
